exercicio;demonstrativo;periodo;conta;cod_conta;;% (b/a);% (c/a);Até o Bimestre (c);DESPESAS EMPENHADAS ATÉ O BIMESTRE (f);DESPESAS EMPENHADAS NO BIMESTRE;DESPESAS LIQUIDADAS ATÉ O BIMESTRE (h);DESPESAS LIQUIDADAS NO BIMESTRE;DESPESAS PAGAS ATÉ O BIMESTRE (j);DOTAÇÃO ATUALIZADA (e);DOTAÇÃO INICIAL (d);INSCRITAS EM RESTOS A PAGAR NÃO PROCESSADOS (k);No Bimestre (b);PREVISÃO ATUALIZADA (a);PREVISÃO INICIAL;SALDO (a-c);SALDO (g) = (e-f);SALDO (i) = (e-h)
2020;RREO;1;AMORTIZAÇÃO DA DÍVIDA;AmortizacaoDaDivida;;;;;;;;;;;;;;;;;;
2020;RREO;1;Bens, Direitos e Valores Incorporados ao Patrimônio Público;BensDireitosEValoresIncorporadosAoPatrimonioPublico;;;;;;;;;;;;;;;;;;
2020;RREO;1;CONTRIBUIÇÕES;ReceitaDeContribuicoes;;;;;;;;;;;;;;;;;;
2020;RREO;1;CONTRIBUIÇÕES;ReceitaDeContribuicoesIntra;;;;;;;;;;;;;;;;;;
2020;RREO;1;Cessão de Direitos;ReceitaDaCessaoDeDireitos;;;;;;;;;;;;;;;;;;
2020;RREO;1;Contribuições Sociais;ContribuicoesSociais;;;;;;;;;;;;;;;;;;
2020;RREO;1;Contribuições Sociais;ContribuicoesSociaisIntra;;;;;;;;;;;;;;;;;;
2020;RREO;1;DESPESAS (EXCETO INTRA-ORÇAMENTÁRIAS) (VIII);DespesasExcetoIntraOrcamentarias;;;;;;;;;;;;;;;;;;
2020;RREO;1;DESPESAS (INTRA-ORÇAMENTÁRIAS) (IX);DespesasIntraOrcamentarias;;;;;;;;;;;;;;;;;;
2020;RREO;1;DESPESAS (INTRA-ORÇAMENTÁRIAS) (IX);DespesasIntraOrcamentariasTotal;;;;;;;;;;;;;;;;;;
2020;RREO;1;DESPESAS CORRENTES;DespesasCorrentes;;;;;;;;;;;;;;;;;;
2020;RREO;1;DESPESAS CORRENTES;DespesasCorrentesIntra;;;;;;;;;;;;;;;;;;
2020;RREO;1;DESPESAS DE CAPITAL;DespesasDeCapital;;;;;;;;;;;;;;;;;;
2020;RREO;1;DESPESAS DE CAPITAL;DespesasDeCapitalIntra;;;;;;;;;;;;;;;;;;
2020;RREO;1;Demais Despesas Correntes;DemaisDespesasCorrentes;;;;;;;;;;;;;;;;;;
2020;RREO;1;Demais Receitas Correntes;ReceitasCorrentesDiversas;;;;;;;;;;;;;;;;;;
2020;RREO;1;Demais Receitas Correntes;ReceitasCorrentesDiversasIntra;;;;;;;;;;;;;;;;;;
2020;RREO;1;Demais Receitas Patrimoniais;OutrasReceitasPatrimoniais;;;;;;;;;;;;;;;;;;
2020;RREO;1;Demais Receitas de Capital;RREO1OutrasReceitasDeCapitalIntra;;;;;;;;;;;;;;;;;;
2020;RREO;1;Exploração do Patrimônio Imobiliário do Estado;ReceitasImobiliarias;;;;;;;;;;;;;;;;;;
2020;RREO;1;IMPOSTOS, TAXAS E CONTRIBUIÇÕES DE MELHORIA;ReceitaTributaria;;;;;;;;;;;;;;;;;;
2020;RREO;1;INVERSÕES FINANCEIRAS;InversoesFinanceiras;;;;;;;;;;;;;;;;;;
2020;RREO;1;INVESTIMENTOS;Investimentos;;;;;;;;;;;;;;;;;;
2020;RREO;1;INVESTIMENTOS;InvestimentosIntra;;;;;;;;;;;;;;;;;;
2020;RREO;1;Impostos;Impostos;;;;;;;;;;;;;;;;;;
2020;RREO;1;Indenizações, Restituições e Ressarcimentos;IndenizacoesERestituicoes;;;;;;;;;;;;;;;;;;
2020;RREO;1;JUROS E ENCARGOS DA DÍVIDA;JurosEEncargosDaDivida;;;;;;;;;;;;;;;;;;
2020;RREO;1;Multas Administrativas, Contratuais e Judiciais;MultasEJurosDeMora;;;;;;;;;;;;;;;;;;
2020;RREO;1;OPERAÇÕES DE CRÉDITO;ReceitasDeOperacoesDeCredito;;;;;;;;;;;;;;;;;;
2020;RREO;1;OUTRAS DESPESAS CORRENTES;OutrasDespesasCorrentes;;;;;;;;;;;;;;;;;;
2020;RREO;1;OUTRAS DESPESAS CORRENTES;OutrasDespesasCorrentesIntra;;;;;;;;;;;;;;;;;;
2020;RREO;1;OUTRAS RECEITAS CORRENTES;OutrasReceitasCorrentes;;;;;;;;;;;;;;;;;;
2020;RREO;1;OUTRAS RECEITAS CORRENTES;OutrasReceitasCorrentesIntra;;;;;;;;;;;;;;;;;;
2020;RREO;1;OUTRAS RECEITAS DE CAPITAL;OutrasReceitasDeCapitalIntra;;;;;;;;;;;;;;;;;;
2020;RREO;1;Operações de Crédito - Mercado Externo;OperacoesDeCreditoExternas;;;;;;;;;;;;;;;;;;
2020;RREO;1;Operações de Crédito - Mercado Interno;OperacoesDeCreditoInternas;;;;;;;;;;;;;;;;;;
2020;RREO;1;Outros Serviços;OutrosServicos;;;;;;;;;;;;;;;;;;
2020;RREO;1;Outros Serviços;OutrosServicosIntra;;;;;;;;;;;;;;;;;;
2020;RREO;1;PESSOAL E ENCARGOS SOCIAIS;PessoalEEncargosSociais;;;;;;;;;;;;;;;;;;
2020;RREO;1;PESSOAL E ENCARGOS SOCIAIS;PessoalEEncargosSociaisIntra;;;;;;;;;;;;;;;;;;
2020;RREO;1;RECEITA DE SERVIÇOS;ReceitaDeServicos;;;;;;;;;;;;;;;;;;
2020;RREO;1;RECEITA DE SERVIÇOS;ReceitaDeServicosIntra;;;;;;;;;;;;;;;;;;
2020;RREO;1;RECEITA PATRIMONIAL;ReceitaPatrimonial;;;;;;;;;;;;;;;;;;
2020;RREO;1;RECEITAS (EXCETO INTRA-ORÇAMENTÁRIAS) (I);ReceitasExcetoIntraOrcamentarias;;;;;;;;;;;;;;;;;;
2020;RREO;1;RECEITAS (INTRA-ORÇAMENTÁRIAS) (II);ReceitasIntraOrcamentarias;;;;;;;;;;;;;;;;;;
2020;RREO;1;RECEITAS (INTRA-ORÇAMENTÁRIAS) (II);ReceitasIntraOrcamentariasTotal;;;;;;;;;;;;;;;;;;
2020;RREO;1;RECEITAS CORRENTES;ReceitasCorrentes;;;;;;;;;;;;;;;;;;
2020;RREO;1;RECEITAS CORRENTES;ReceitasCorrentesIntra;;;;;;;;;;;;;;;;;;
2020;RREO;1;RECEITAS DE CAPITAL;ReceitasDeCapital;;;;;;;;;;;;;;;;;;
2020;RREO;1;RECEITAS DE CAPITAL;ReceitasDeCapitalIntra;;;;;;;;;;;;;;;;;;
2020;RREO;1;RESERVA DE CONTINGÊNCIA;ReservaDeContingencia;;;;;;;;;;;;;;;;;;
2020;RREO;1;RESERVA DO RPPS;ReservaDoRPPS;;;;;;;;;;;;;;;;;;
2020;RREO;1;Recursos Arrecadados em Exercícios Anteriores - RPPS;RecursosArrecadadosEmExerciciosAnteriores;;;;;;;;;;;;;;;;;;
2020;RREO;1;SALDOS DE EXERCÍCIOS ANTERIORES;SaldoDeExerciciosAnterioresUtilizadosParaCreditosAdicionais;;;;;;;;;;;;;;;;;;
2020;RREO;1;SUBTOTAL DAS DESPESAS (X) = (VIII + IX);SubtotalDasDespesas;;;;;;;;;;;;;;;;;;
2020;RREO;1;SUBTOTAL DAS RECEITAS (III) = (I + II);SubtotalDasReceitas;;;;;;;;;;;;;;;;;;
2020;RREO;1;SUPERÁVIT (XIII);Superavit;;;;;;;;;;;;;;;;;;
2020;RREO;1;Serviços Administrativos e Comerciais Gerais;ServicosAdministrativosEComerciaisGerais;;;;;;;;;;;;;;;;;;
2020;RREO;1;Superávit Financeiro Utilizado para Créditos Adicionais;SuperavitFinanceiro;;;;;;;;;;;;;;;;;;
2020;RREO;1;TOTAL COM DÉFICIT (VII) = (V + VI);TotalReceitasComDeficit;;;;;;;;;;;;;;;;;;
2020;RREO;1;TOTAL COM SUPERÁVIT (XIV) = (XII + XIII);TotalDespesasComSuperavit;;;;;;;;;;;;;;;;;;
2020;RREO;1;TOTAL DAS DESPESAS (XII) = (X + XI);TotalDespesas;;;;;;;;;;;;;;;;;;
2020;RREO;1;TOTAL DAS RECEITAS (V) = (III + IV);TotalReceitas;;;;;;;;;;;;;;;;;;
2020;RREO;1;TRANSFERÊNCIAS CORRENTES;TransferenciasCorrentes;;;;;;;;;;;;;;;;;;
2020;RREO;1;TRANSFERÊNCIAS DE CAPITAL;TransferenciasDeCapital;;;;;;;;;;;;;;;;;;
2020;RREO;1;Taxas;Taxas;;;;;;;;;;;;;;;;;;
2020;RREO;1;Transferências da União e de suas Entidades;TransferenciasCorrentesDaUniaoEDeSuasEntidades;;;;;;;;;;;;;;;;;;
2020;RREO;1;Transferências da União e de suas Entidades;TransferenciasDeCapitalDaUniaoEDeSuasEntidades;;;;;;;;;;;;;;;;;;
2020;RREO;1;Transferências de Instituições Privadas;TransferenciasCorrentesDeInstituicoesPrivadas;;;;;;;;;;;;;;;;;;
2020;RREO;1;Transferências de Outras Instituições Públicas;TransferenciasCorrentesDeOutrasInstituicoesPublicas;;;;;;;;;;;;;;;;;;
2020;RREO;1;Transferências de Pessoas Físicas;TransferenciasCorrentesDePessoasFisicas;;;;;;;;;;;;;;;;;;
2020;RREO;1;Transferências dos Municípios e de suas Entidades;TransferenciasCorrentesDosMunicipiosEDeSuasEntidades;;;;;;;;;;;;;;;;;;
2020;RREO;1;Valores Mobiliários;ReceitasDeValoresMobiliarios;;;;;;;;;;;;;;;;;;
2020;RREO;2;ALIENAÇÃO DE BENS;AlienacaoDeBens;;;;;;;;;;;;;;;;;;
2020;RREO;2;AMORTIZAÇÃO DA DÍVIDA;AmortizacaoDaDivida;;;;;;;;;;;;;;;;;;
2020;RREO;2;Alienação de Bens Imóveis;AlienacaoDeBensImoveis;;;;;;;;;;;;;;;;;;
2020;RREO;2;Bens, Direitos e Valores Incorporados ao Patrimônio Público;BensDireitosEValoresIncorporadosAoPatrimonioPublico;;;;;;;;;;;;;;;;;;
2020;RREO;2;CONTRIBUIÇÕES;ReceitaDeContribuicoes;;;;;;;;;;;;;;;;;;
2020;RREO;2;CONTRIBUIÇÕES;ReceitaDeContribuicoesIntra;;;;;;;;;;;;;;;;;;
2020;RREO;2;Cessão de Direitos;ReceitaDaCessaoDeDireitos;;;;;;;;;;;;;;;;;;
2020;RREO;2;Contribuições Sociais;ContribuicoesSociais;;;;;;;;;;;;;;;;;;
2020;RREO;2;Contribuições Sociais;ContribuicoesSociaisIntra;;;;;;;;;;;;;;;;;;
2020;RREO;2;DESPESAS (EXCETO INTRA-ORÇAMENTÁRIAS) (VIII);DespesasExcetoIntraOrcamentarias;;;;;;;;;;;;;;;;;;
2020;RREO;2;DESPESAS (INTRA-ORÇAMENTÁRIAS) (IX);DespesasIntraOrcamentarias;;;;;;;;;;;;;;;;;;
2020;RREO;2;DESPESAS (INTRA-ORÇAMENTÁRIAS) (IX);DespesasIntraOrcamentariasTotal;;;;;;;;;;;;;;;;;;
2020;RREO;2;DESPESAS CORRENTES;DespesasCorrentes;;;;;;;;;;;;;;;;;;
2020;RREO;2;DESPESAS CORRENTES;DespesasCorrentesIntra;;;;;;;;;;;;;;;;;;
2020;RREO;2;DESPESAS DE CAPITAL;DespesasDeCapital;;;;;;;;;;;;;;;;;;
2020;RREO;2;DESPESAS DE CAPITAL;DespesasDeCapitalIntra;;;;;;;;;;;;;;;;;;
2020;RREO;2;Demais Despesas Correntes;DemaisDespesasCorrentes;;;;;;;;;;;;;;;;;;
2020;RREO;2;Demais Receitas Correntes;ReceitasCorrentesDiversas;;;;;;;;;;;;;;;;;;
2020;RREO;2;Demais Receitas Correntes;ReceitasCorrentesDiversasIntra;;;;;;;;;;;;;;;;;;
2020;RREO;2;Demais Receitas Patrimoniais;OutrasReceitasPatrimoniais;;;;;;;;;;;;;;;;;;
2020;RREO;2;Demais Receitas de Capital;RREO1OutrasReceitasDeCapitalIntra;;;;;;;;;;;;;;;;;;
2020;RREO;2;Exploração do Patrimônio Imobiliário do Estado;ReceitasImobiliarias;;;;;;;;;;;;;;;;;;
2020;RREO;2;IMPOSTOS, TAXAS E CONTRIBUIÇÕES DE MELHORIA;ReceitaTributaria;;;;;;;;;;;;;;;;;;
2020;RREO;2;INVERSÕES FINANCEIRAS;InversoesFinanceiras;;;;;;;;;;;;;;;;;;
2020;RREO;2;INVESTIMENTOS;Investimentos;;;;;;;;;;;;;;;;;;
2020;RREO;2;INVESTIMENTOS;InvestimentosIntra;;;;;;;;;;;;;;;;;;
2020;RREO;2;Impostos;Impostos;;;;;;;;;;;;;;;;;;
2020;RREO;2;Indenizações, Restituições e Ressarcimentos;IndenizacoesERestituicoes;;;;;;;;;;;;;;;;;;
2020;RREO;2;JUROS E ENCARGOS DA DÍVIDA;JurosEEncargosDaDivida;;;;;;;;;;;;;;;;;;
2020;RREO;2;Multas Administrativas, Contratuais e Judiciais;MultasEJurosDeMora;;;;;;;;;;;;;;;;;;
2020;RREO;2;OPERAÇÕES DE CRÉDITO;ReceitasDeOperacoesDeCredito;;;;;;;;;;;;;;;;;;
2020;RREO;2;OUTRAS DESPESAS CORRENTES;OutrasDespesasCorrentes;;;;;;;;;;;;;;;;;;
2020;RREO;2;OUTRAS DESPESAS CORRENTES;OutrasDespesasCorrentesIntra;;;;;;;;;;;;;;;;;;
2020;RREO;2;OUTRAS RECEITAS CORRENTES;OutrasReceitasCorrentes;;;;;;;;;;;;;;;;;;
2020;RREO;2;OUTRAS RECEITAS CORRENTES;OutrasReceitasCorrentesIntra;;;;;;;;;;;;;;;;;;
2020;RREO;2;OUTRAS RECEITAS DE CAPITAL;OutrasReceitasDeCapitalIntra;;;;;;;;;;;;;;;;;;
2020;RREO;2;Operações de Crédito - Mercado Externo;OperacoesDeCreditoExternas;;;;;;;;;;;;;;;;;;
2020;RREO;2;Operações de Crédito - Mercado Interno;OperacoesDeCreditoInternas;;;;;;;;;;;;;;;;;;
2020;RREO;2;Outros Serviços;OutrosServicos;;;;;;;;;;;;;;;;;;
2020;RREO;2;Outros Serviços;OutrosServicosIntra;;;;;;;;;;;;;;;;;;
2020;RREO;2;PESSOAL E ENCARGOS SOCIAIS;PessoalEEncargosSociais;;;;;;;;;;;;;;;;;;
2020;RREO;2;PESSOAL E ENCARGOS SOCIAIS;PessoalEEncargosSociaisIntra;;;;;;;;;;;;;;;;;;
2020;RREO;2;RECEITA DE SERVIÇOS;ReceitaDeServicos;;;;;;;;;;;;;;;;;;
2020;RREO;2;RECEITA DE SERVIÇOS;ReceitaDeServicosIntra;;;;;;;;;;;;;;;;;;
2020;RREO;2;RECEITA PATRIMONIAL;ReceitaPatrimonial;;;;;;;;;;;;;;;;;;
2020;RREO;2;RECEITAS (EXCETO INTRA-ORÇAMENTÁRIAS) (I);ReceitasExcetoIntraOrcamentarias;;;;;;;;;;;;;;;;;;
2020;RREO;2;RECEITAS (INTRA-ORÇAMENTÁRIAS) (II);ReceitasIntraOrcamentarias;;;;;;;;;;;;;;;;;;
2020;RREO;2;RECEITAS (INTRA-ORÇAMENTÁRIAS) (II);ReceitasIntraOrcamentariasTotal;;;;;;;;;;;;;;;;;;
2020;RREO;2;RECEITAS CORRENTES;ReceitasCorrentes;;;;;;;;;;;;;;;;;;
2020;RREO;2;RECEITAS CORRENTES;ReceitasCorrentesIntra;;;;;;;;;;;;;;;;;;
2020;RREO;2;RECEITAS DE CAPITAL;ReceitasDeCapital;;;;;;;;;;;;;;;;;;
2020;RREO;2;RECEITAS DE CAPITAL;ReceitasDeCapitalIntra;;;;;;;;;;;;;;;;;;
2020;RREO;2;RESERVA DE CONTINGÊNCIA;ReservaDeContingencia;;;;;;;;;;;;;;;;;;
2020;RREO;2;RESERVA DO RPPS;ReservaDoRPPS;;;;;;;;;;;;;;;;;;
2020;RREO;2;Recursos Arrecadados em Exercícios Anteriores - RPPS;RecursosArrecadadosEmExerciciosAnteriores;;;;;;;;;;;;;;;;;;
2020;RREO;2;SALDOS DE EXERCÍCIOS ANTERIORES;SaldoDeExerciciosAnterioresUtilizadosParaCreditosAdicionais;;;;;;;;;;;;;;;;;;
2020;RREO;2;SUBTOTAL DAS DESPESAS (X) = (VIII + IX);SubtotalDasDespesas;;;;;;;;;;;;;;;;;;
2020;RREO;2;SUBTOTAL DAS RECEITAS (III) = (I + II);SubtotalDasReceitas;;;;;;;;;;;;;;;;;;
2020;RREO;2;SUPERÁVIT (XIII);Superavit;;;;;;;;;;;;;;;;;;
2020;RREO;2;Serviços Administrativos e Comerciais Gerais;ServicosAdministrativosEComerciaisGerais;;;;;;;;;;;;;;;;;;
2020;RREO;2;Superávit Financeiro Utilizado para Créditos Adicionais;SuperavitFinanceiro;;;;;;;;;;;;;;;;;;
2020;RREO;2;TOTAL COM DÉFICIT (VII) = (V + VI);TotalReceitasComDeficit;;;;;;;;;;;;;;;;;;
2020;RREO;2;TOTAL COM SUPERÁVIT (XIV) = (XII + XIII);TotalDespesasComSuperavit;;;;;;;;;;;;;;;;;;
2020;RREO;2;TOTAL DAS DESPESAS (XII) = (X + XI);TotalDespesas;;;;;;;;;;;;;;;;;;
2020;RREO;2;TOTAL DAS RECEITAS (V) = (III + IV);TotalReceitas;;;;;;;;;;;;;;;;;;
2020;RREO;2;TRANSFERÊNCIAS CORRENTES;TransferenciasCorrentes;;;;;;;;;;;;;;;;;;
2020;RREO;2;TRANSFERÊNCIAS DE CAPITAL;TransferenciasDeCapital;;;;;;;;;;;;;;;;;;
2020;RREO;2;TRANSFERÊNCIAS DE CAPITAL;TransferenciasDeCapitalIntra;;;;;;;;;;;;;;;;;;
2020;RREO;2;Taxas;Taxas;;;;;;;;;;;;;;;;;;
2020;RREO;2;Transferências da União e de suas Entidades;TransferenciasCorrentesDaUniaoEDeSuasEntidades;;;;;;;;;;;;;;;;;;
2020;RREO;2;Transferências da União e de suas Entidades;TransferenciasDeCapitalDaUniaoEDeSuasEntidades;;;;;;;;;;;;;;;;;;
2020;RREO;2;Transferências de Instituições Privadas;TransferenciasCorrentesDeInstituicoesPrivadas;;;;;;;;;;;;;;;;;;
2020;RREO;2;Transferências de Outras Instituições Públicas;TransferenciasCorrentesDeOutrasInstituicoesPublicas;;;;;;;;;;;;;;;;;;
2020;RREO;2;Transferências de Pessoas Físicas;TransferenciasCorrentesDePessoasFisicas;;;;;;;;;;;;;;;;;;
2020;RREO;2;Transferências dos Estados e do Distrito Federal e de suas Entidades;TransferenciasDeCapitalDosEstadosEDoDistritoFederalEDeSuasEntidadesIntra;;;;;;;;;;;;;;;;;;
2020;RREO;2;Transferências dos Municípios e de suas Entidades;TransferenciasCorrentesDosMunicipiosEDeSuasEntidades;;;;;;;;;;;;;;;;;;
2020;RREO;2;Valores Mobiliários;ReceitasDeValoresMobiliarios;;;;;;;;;;;;;;;;;;
2020;RREO;3;ALIENAÇÃO DE BENS;AlienacaoDeBens;;;;;;;;;;;;;;;;;;
2020;RREO;3;AMORTIZAÇÃO DA DÍVIDA;AmortizacaoDaDivida;;;;;;;;;;;;;;;;;;
2020;RREO;3;Alienação de Bens Imóveis;AlienacaoDeBensImoveis;;;;;;;;;;;;;;;;;;
2020;RREO;3;Bens, Direitos e Valores Incorporados ao Patrimônio Público;BensDireitosEValoresIncorporadosAoPatrimonioPublico;;;;;;;;;;;;;;;;;;
2020;RREO;3;CONTRIBUIÇÕES;ReceitaDeContribuicoes;;;;;;;;;;;;;;;;;;
2020;RREO;3;CONTRIBUIÇÕES;ReceitaDeContribuicoesIntra;;;;;;;;;;;;;;;;;;
2020;RREO;3;Cessão de Direitos;ReceitaDaCessaoDeDireitos;;;;;;;;;;;;;;;;;;
2020;RREO;3;Contribuições Sociais;ContribuicoesSociais;;;;;;;;;;;;;;;;;;
2020;RREO;3;Contribuições Sociais;ContribuicoesSociaisIntra;;;;;;;;;;;;;;;;;;
2020;RREO;3;DESPESAS (EXCETO INTRA-ORÇAMENTÁRIAS) (VIII);DespesasExcetoIntraOrcamentarias;;;;;;;;;;;;;;;;;;
2020;RREO;3;DESPESAS (INTRA-ORÇAMENTÁRIAS) (IX);DespesasIntraOrcamentarias;;;;;;;;;;;;;;;;;;
2020;RREO;3;DESPESAS (INTRA-ORÇAMENTÁRIAS) (IX);DespesasIntraOrcamentariasTotal;;;;;;;;;;;;;;;;;;
2020;RREO;3;DESPESAS CORRENTES;DespesasCorrentes;;;;;;;;;;;;;;;;;;
2020;RREO;3;DESPESAS CORRENTES;DespesasCorrentesIntra;;;;;;;;;;;;;;;;;;
2020;RREO;3;DESPESAS DE CAPITAL;DespesasDeCapital;;;;;;;;;;;;;;;;;;
2020;RREO;3;DESPESAS DE CAPITAL;DespesasDeCapitalIntra;;;;;;;;;;;;;;;;;;
2020;RREO;3;Demais Despesas Correntes;DemaisDespesasCorrentes;;;;;;;;;;;;;;;;;;
2020;RREO;3;Demais Receitas Correntes;ReceitasCorrentesDiversas;;;;;;;;;;;;;;;;;;
2020;RREO;3;Demais Receitas Correntes;ReceitasCorrentesDiversasIntra;;;;;;;;;;;;;;;;;;
2020;RREO;3;Demais Receitas Patrimoniais;OutrasReceitasPatrimoniais;;;;;;;;;;;;;;;;;;
2020;RREO;3;Demais Receitas de Capital;RREO1OutrasReceitasDeCapitalIntra;;;;;;;;;;;;;;;;;;
2020;RREO;3;Exploração do Patrimônio Imobiliário do Estado;ReceitasImobiliarias;;;;;;;;;;;;;;;;;;
2020;RREO;3;IMPOSTOS, TAXAS E CONTRIBUIÇÕES DE MELHORIA;ReceitaTributaria;;;;;;;;;;;;;;;;;;
2020;RREO;3;INVERSÕES FINANCEIRAS;InversoesFinanceiras;;;;;;;;;;;;;;;;;;
2020;RREO;3;INVESTIMENTOS;Investimentos;;;;;;;;;;;;;;;;;;
2020;RREO;3;INVESTIMENTOS;InvestimentosIntra;;;;;;;;;;;;;;;;;;
2020;RREO;3;Impostos;Impostos;;;;;;;;;;;;;;;;;;
2020;RREO;3;Indenizações, Restituições e Ressarcimentos;IndenizacoesERestituicoes;;;;;;;;;;;;;;;;;;
2020;RREO;3;JUROS E ENCARGOS DA DÍVIDA;JurosEEncargosDaDivida;;;;;;;;;;;;;;;;;;
2020;RREO;3;Multas Administrativas, Contratuais e Judiciais;MultasEJurosDeMora;;;;;;;;;;;;;;;;;;
2020;RREO;3;OPERAÇÕES DE CRÉDITO;ReceitasDeOperacoesDeCredito;;;;;;;;;;;;;;;;;;
2020;RREO;3;OUTRAS DESPESAS CORRENTES;OutrasDespesasCorrentes;;;;;;;;;;;;;;;;;;
2020;RREO;3;OUTRAS DESPESAS CORRENTES;OutrasDespesasCorrentesIntra;;;;;;;;;;;;;;;;;;
2020;RREO;3;OUTRAS RECEITAS CORRENTES;OutrasReceitasCorrentes;;;;;;;;;;;;;;;;;;
2020;RREO;3;OUTRAS RECEITAS CORRENTES;OutrasReceitasCorrentesIntra;;;;;;;;;;;;;;;;;;
2020;RREO;3;OUTRAS RECEITAS DE CAPITAL;OutrasReceitasDeCapitalIntra;;;;;;;;;;;;;;;;;;
2020;RREO;3;Operações de Crédito - Mercado Externo;OperacoesDeCreditoExternas;;;;;;;;;;;;;;;;;;
2020;RREO;3;Operações de Crédito - Mercado Interno;OperacoesDeCreditoInternas;;;;;;;;;;;;;;;;;;
2020;RREO;3;Outros Serviços;OutrosServicos;;;;;;;;;;;;;;;;;;
2020;RREO;3;Outros Serviços;OutrosServicosIntra;;;;;;;;;;;;;;;;;;
2020;RREO;3;PESSOAL E ENCARGOS SOCIAIS;PessoalEEncargosSociais;;;;;;;;;;;;;;;;;;
2020;RREO;3;PESSOAL E ENCARGOS SOCIAIS;PessoalEEncargosSociaisIntra;;;;;;;;;;;;;;;;;;
2020;RREO;3;RECEITA DE SERVIÇOS;ReceitaDeServicos;;;;;;;;;;;;;;;;;;
2020;RREO;3;RECEITA DE SERVIÇOS;ReceitaDeServicosIntra;;;;;;;;;;;;;;;;;;
2020;RREO;3;RECEITA PATRIMONIAL;ReceitaPatrimonial;;;;;;;;;;;;;;;;;;
2020;RREO;3;RECEITAS (EXCETO INTRA-ORÇAMENTÁRIAS) (I);ReceitasExcetoIntraOrcamentarias;;;;;;;;;;;;;;;;;;
2020;RREO;3;RECEITAS (INTRA-ORÇAMENTÁRIAS) (II);ReceitasIntraOrcamentarias;;;;;;;;;;;;;;;;;;
2020;RREO;3;RECEITAS (INTRA-ORÇAMENTÁRIAS) (II);ReceitasIntraOrcamentariasTotal;;;;;;;;;;;;;;;;;;
2020;RREO;3;RECEITAS CORRENTES;ReceitasCorrentes;;;;;;;;;;;;;;;;;;
2020;RREO;3;RECEITAS CORRENTES;ReceitasCorrentesIntra;;;;;;;;;;;;;;;;;;
2020;RREO;3;RECEITAS DE CAPITAL;ReceitasDeCapital;;;;;;;;;;;;;;;;;;
2020;RREO;3;RECEITAS DE CAPITAL;ReceitasDeCapitalIntra;;;;;;;;;;;;;;;;;;
2020;RREO;3;RESERVA DE CONTINGÊNCIA;ReservaDeContingencia;;;;;;;;;;;;;;;;;;
2020;RREO;3;RESERVA DO RPPS;ReservaDoRPPS;;;;;;;;;;;;;;;;;;
2020;RREO;3;Recursos Arrecadados em Exercícios Anteriores - RPPS;RecursosArrecadadosEmExerciciosAnteriores;;;;;;;;;;;;;;;;;;
2020;RREO;3;SALDOS DE EXERCÍCIOS ANTERIORES;SaldoDeExerciciosAnterioresUtilizadosParaCreditosAdicionais;;;;;;;;;;;;;;;;;;
2020;RREO;3;SUBTOTAL DAS DESPESAS (X) = (VIII + IX);SubtotalDasDespesas;;;;;;;;;;;;;;;;;;
2020;RREO;3;SUBTOTAL DAS RECEITAS (III) = (I + II);SubtotalDasReceitas;;;;;;;;;;;;;;;;;;
2020;RREO;3;SUPERÁVIT (XIII);Superavit;;;;;;;;;;;;;;;;;;
2020;RREO;3;Serviços Administrativos e Comerciais Gerais;ServicosAdministrativosEComerciaisGerais;;;;;;;;;;;;;;;;;;
2020;RREO;3;Superávit Financeiro Utilizado para Créditos Adicionais;SuperavitFinanceiro;;;;;;;;;;;;;;;;;;
2020;RREO;3;TOTAL COM DÉFICIT (VII) = (V + VI);TotalReceitasComDeficit;;;;;;;;;;;;;;;;;;
2020;RREO;3;TOTAL COM SUPERÁVIT (XIV) = (XII + XIII);TotalDespesasComSuperavit;;;;;;;;;;;;;;;;;;
2020;RREO;3;TOTAL DAS DESPESAS (XII) = (X + XI);TotalDespesas;;;;;;;;;;;;;;;;;;
2020;RREO;3;TOTAL DAS RECEITAS (V) = (III + IV);TotalReceitas;;;;;;;;;;;;;;;;;;
2020;RREO;3;TRANSFERÊNCIAS CORRENTES;TransferenciasCorrentes;;;;;;;;;;;;;;;;;;
2020;RREO;3;TRANSFERÊNCIAS DE CAPITAL;TransferenciasDeCapital;;;;;;;;;;;;;;;;;;
2020;RREO;3;TRANSFERÊNCIAS DE CAPITAL;TransferenciasDeCapitalIntra;;;;;;;;;;;;;;;;;;
2020;RREO;3;Taxas;Taxas;;;;;;;;;;;;;;;;;;
2020;RREO;3;Transferências da União e de suas Entidades;TransferenciasCorrentesDaUniaoEDeSuasEntidades;;;;;;;;;;;;;;;;;;
2020;RREO;3;Transferências da União e de suas Entidades;TransferenciasDeCapitalDaUniaoEDeSuasEntidades;;;;;;;;;;;;;;;;;;
2020;RREO;3;Transferências de Instituições Privadas;TransferenciasCorrentesDeInstituicoesPrivadas;;;;;;;;;;;;;;;;;;
2020;RREO;3;Transferências de Outras Instituições Públicas;TransferenciasCorrentesDeOutrasInstituicoesPublicas;;;;;;;;;;;;;;;;;;
2020;RREO;3;Transferências de Pessoas Físicas;TransferenciasCorrentesDePessoasFisicas;;;;;;;;;;;;;;;;;;
2020;RREO;3;Transferências dos Estados e do Distrito Federal e de suas Entidades;TransferenciasDeCapitalDosEstadosEDoDistritoFederalEDeSuasEntidadesIntra;;;;;;;;;;;;;;;;;;
2020;RREO;3;Transferências dos Municípios e de suas Entidades;TransferenciasCorrentesDosMunicipiosEDeSuasEntidades;;;;;;;;;;;;;;;;;;
2020;RREO;3;Valores Mobiliários;ReceitasDeValoresMobiliarios;;;;;;;;;;;;;;;;;;
2020;RREO;4;ALIENAÇÃO DE BENS;AlienacaoDeBens;;;;;;;;;;;;;;;;;;
2020;RREO;4;AMORTIZAÇÃO DA DÍVIDA;AmortizacaoDaDivida;;;;;;;;;;;;;;;;;;
2020;RREO;4;Alienação de Bens Imóveis;AlienacaoDeBensImoveis;;;;;;;;;;;;;;;;;;
2020;RREO;4;Bens, Direitos e Valores Incorporados ao Patrimônio Público;BensDireitosEValoresIncorporadosAoPatrimonioPublico;;;;;;;;;;;;;;;;;;
2020;RREO;4;CONTRIBUIÇÕES;ReceitaDeContribuicoes;;;;;;;;;;;;;;;;;;
2020;RREO;4;CONTRIBUIÇÕES;ReceitaDeContribuicoesIntra;;;;;;;;;;;;;;;;;;
2020;RREO;4;Cessão de Direitos;ReceitaDaCessaoDeDireitos;;;;;;;;;;;;;;;;;;
2020;RREO;4;Contribuições Sociais;ContribuicoesSociais;;;;;;;;;;;;;;;;;;
2020;RREO;4;Contribuições Sociais;ContribuicoesSociaisIntra;;;;;;;;;;;;;;;;;;
2020;RREO;4;DESPESAS (EXCETO INTRA-ORÇAMENTÁRIAS) (VIII);DespesasExcetoIntraOrcamentarias;;;;;;;;;;;;;;;;;;
2020;RREO;4;DESPESAS (INTRA-ORÇAMENTÁRIAS) (IX);DespesasIntraOrcamentarias;;;;;;;;;;;;;;;;;;
2020;RREO;4;DESPESAS (INTRA-ORÇAMENTÁRIAS) (IX);DespesasIntraOrcamentariasTotal;;;;;;;;;;;;;;;;;;
2020;RREO;4;DESPESAS CORRENTES;DespesasCorrentes;;;;;;;;;;;;;;;;;;
2020;RREO;4;DESPESAS CORRENTES;DespesasCorrentesIntra;;;;;;;;;;;;;;;;;;
2020;RREO;4;DESPESAS DE CAPITAL;DespesasDeCapital;;;;;;;;;;;;;;;;;;
2020;RREO;4;DESPESAS DE CAPITAL;DespesasDeCapitalIntra;;;;;;;;;;;;;;;;;;
2020;RREO;4;Demais Despesas Correntes;DemaisDespesasCorrentes;;;;;;;;;;;;;;;;;;
2020;RREO;4;Demais Receitas Correntes;ReceitasCorrentesDiversas;;;;;;;;;;;;;;;;;;
2020;RREO;4;Demais Receitas Correntes;ReceitasCorrentesDiversasIntra;;;;;;;;;;;;;;;;;;
2020;RREO;4;Demais Receitas Patrimoniais;OutrasReceitasPatrimoniais;;;;;;;;;;;;;;;;;;
2020;RREO;4;Demais Receitas de Capital;RREO1OutrasReceitasDeCapitalIntra;;;;;;;;;;;;;;;;;;
2020;RREO;4;Exploração do Patrimônio Imobiliário do Estado;ReceitasImobiliarias;;;;;;;;;;;;;;;;;;
2020;RREO;4;IMPOSTOS, TAXAS E CONTRIBUIÇÕES DE MELHORIA;ReceitaTributaria;;;;;;;;;;;;;;;;;;
2020;RREO;4;INVERSÕES FINANCEIRAS;InversoesFinanceiras;;;;;;;;;;;;;;;;;;
2020;RREO;4;INVERSÕES FINANCEIRAS;InversoesFinanceirasIntra;;;;;;;;;;;;;;;;;;
2020;RREO;4;INVESTIMENTOS;Investimentos;;;;;;;;;;;;;;;;;;
2020;RREO;4;INVESTIMENTOS;InvestimentosIntra;;;;;;;;;;;;;;;;;;
2020;RREO;4;Impostos;Impostos;;;;;;;;;;;;;;;;;;
2020;RREO;4;Indenizações, Restituições e Ressarcimentos;IndenizacoesERestituicoes;;;;;;;;;;;;;;;;;;
2020;RREO;4;JUROS E ENCARGOS DA DÍVIDA;JurosEEncargosDaDivida;;;;;;;;;;;;;;;;;;
2020;RREO;4;Multas Administrativas, Contratuais e Judiciais;MultasEJurosDeMora;;;;;;;;;;;;;;;;;;
2020;RREO;4;OPERAÇÕES DE CRÉDITO;ReceitasDeOperacoesDeCredito;;;;;;;;;;;;;;;;;;
2020;RREO;4;OUTRAS DESPESAS CORRENTES;OutrasDespesasCorrentes;;;;;;;;;;;;;;;;;;
2020;RREO;4;OUTRAS DESPESAS CORRENTES;OutrasDespesasCorrentesIntra;;;;;;;;;;;;;;;;;;
2020;RREO;4;OUTRAS RECEITAS CORRENTES;OutrasReceitasCorrentes;;;;;;;;;;;;;;;;;;
2020;RREO;4;OUTRAS RECEITAS CORRENTES;OutrasReceitasCorrentesIntra;;;;;;;;;;;;;;;;;;
2020;RREO;4;OUTRAS RECEITAS DE CAPITAL;OutrasReceitasDeCapitalIntra;;;;;;;;;;;;;;;;;;
2020;RREO;4;Operações de Crédito - Mercado Externo;OperacoesDeCreditoExternas;;;;;;;;;;;;;;;;;;
2020;RREO;4;Operações de Crédito - Mercado Interno;OperacoesDeCreditoInternas;;;;;;;;;;;;;;;;;;
2020;RREO;4;Outros Serviços;OutrosServicos;;;;;;;;;;;;;;;;;;
2020;RREO;4;Outros Serviços;OutrosServicosIntra;;;;;;;;;;;;;;;;;;
2020;RREO;4;PESSOAL E ENCARGOS SOCIAIS;PessoalEEncargosSociais;;;;;;;;;;;;;;;;;;
2020;RREO;4;PESSOAL E ENCARGOS SOCIAIS;PessoalEEncargosSociaisIntra;;;;;;;;;;;;;;;;;;
2020;RREO;4;RECEITA DE SERVIÇOS;ReceitaDeServicos;;;;;;;;;;;;;;;;;;
2020;RREO;4;RECEITA DE SERVIÇOS;ReceitaDeServicosIntra;;;;;;;;;;;;;;;;;;
2020;RREO;4;RECEITA PATRIMONIAL;ReceitaPatrimonial;;;;;;;;;;;;;;;;;;
2020;RREO;4;RECEITAS (EXCETO INTRA-ORÇAMENTÁRIAS) (I);ReceitasExcetoIntraOrcamentarias;;;;;;;;;;;;;;;;;;
2020;RREO;4;RECEITAS (INTRA-ORÇAMENTÁRIAS) (II);ReceitasIntraOrcamentarias;;;;;;;;;;;;;;;;;;
2020;RREO;4;RECEITAS (INTRA-ORÇAMENTÁRIAS) (II);ReceitasIntraOrcamentariasTotal;;;;;;;;;;;;;;;;;;
2020;RREO;4;RECEITAS CORRENTES;ReceitasCorrentes;;;;;;;;;;;;;;;;;;
2020;RREO;4;RECEITAS CORRENTES;ReceitasCorrentesIntra;;;;;;;;;;;;;;;;;;
2020;RREO;4;RECEITAS DE CAPITAL;ReceitasDeCapital;;;;;;;;;;;;;;;;;;
2020;RREO;4;RECEITAS DE CAPITAL;ReceitasDeCapitalIntra;;;;;;;;;;;;;;;;;;
2020;RREO;4;RESERVA DE CONTINGÊNCIA;ReservaDeContingencia;;;;;;;;;;;;;;;;;;
2020;RREO;4;RESERVA DO RPPS;ReservaDoRPPS;;;;;;;;;;;;;;;;;;
2020;RREO;4;Recursos Arrecadados em Exercícios Anteriores - RPPS;RecursosArrecadadosEmExerciciosAnteriores;;;;;;;;;;;;;;;;;;
2020;RREO;4;SALDOS DE EXERCÍCIOS ANTERIORES;SaldoDeExerciciosAnterioresUtilizadosParaCreditosAdicionais;;;;;;;;;;;;;;;;;;
2020;RREO;4;SUBTOTAL DAS DESPESAS (X) = (VIII + IX);SubtotalDasDespesas;;;;;;;;;;;;;;;;;;
2020;RREO;4;SUBTOTAL DAS RECEITAS (III) = (I + II);SubtotalDasReceitas;;;;;;;;;;;;;;;;;;
2020;RREO;4;SUPERÁVIT (XIII);Superavit;;;;;;;;;;;;;;;;;;
2020;RREO;4;Serviços Administrativos e Comerciais Gerais;ServicosAdministrativosEComerciaisGerais;;;;;;;;;;;;;;;;;;
2020;RREO;4;Superávit Financeiro Utilizado para Créditos Adicionais;SuperavitFinanceiro;;;;;;;;;;;;;;;;;;
2020;RREO;4;TOTAL COM DÉFICIT (VII) = (V + VI);TotalReceitasComDeficit;;;;;;;;;;;;;;;;;;
2020;RREO;4;TOTAL COM SUPERÁVIT (XIV) = (XII + XIII);TotalDespesasComSuperavit;;;;;;;;;;;;;;;;;;
2020;RREO;4;TOTAL DAS DESPESAS (XII) = (X + XI);TotalDespesas;;;;;;;;;;;;;;;;;;
2020;RREO;4;TOTAL DAS RECEITAS (V) = (III + IV);TotalReceitas;;;;;;;;;;;;;;;;;;
2020;RREO;4;TRANSFERÊNCIAS CORRENTES;TransferenciasCorrentes;;;;;;;;;;;;;;;;;;
2020;RREO;4;TRANSFERÊNCIAS CORRENTES;TransferenciasCorrentesIntra;;;;;;;;;;;;;;;;;;
2020;RREO;4;TRANSFERÊNCIAS DE CAPITAL;TransferenciasDeCapital;;;;;;;;;;;;;;;;;;
2020;RREO;4;TRANSFERÊNCIAS DE CAPITAL;TransferenciasDeCapitalIntra;;;;;;;;;;;;;;;;;;
2020;RREO;4;Taxas;Taxas;;;;;;;;;;;;;;;;;;
2020;RREO;4;Transferências da União e de suas Entidades;TransferenciasCorrentesDaUniaoEDeSuasEntidades;;;;;;;;;;;;;;;;;;
2020;RREO;4;Transferências da União e de suas Entidades;TransferenciasDeCapitalDaUniaoEDeSuasEntidades;;;;;;;;;;;;;;;;;;
2020;RREO;4;Transferências de Instituições Privadas;TransferenciasCorrentesDeInstituicoesPrivadas;;;;;;;;;;;;;;;;;;
2020;RREO;4;Transferências de Outras Instituições Públicas;TransferenciasCorrentesDeOutrasInstituicoesPublicas;;;;;;;;;;;;;;;;;;
2020;RREO;4;Transferências de Outras Instituições Públicas;TransferenciasCorrentesDeOutrasInstituicoesPublicasIntra;;;;;;;;;;;;;;;;;;
2020;RREO;4;Transferências de Pessoas Físicas;TransferenciasCorrentesDePessoasFisicas;;;;;;;;;;;;;;;;;;
2020;RREO;4;Transferências dos Estados e do Distrito Federal e de suas Entidades;TransferenciasDeCapitalDosEstadosEDoDistritoFederalEDeSuasEntidadesIntra;;;;;;;;;;;;;;;;;;
2020;RREO;4;Transferências dos Municípios e de suas Entidades;TransferenciasCorrentesDosMunicipiosEDeSuasEntidades;;;;;;;;;;;;;;;;;;
2020;RREO;4;Valores Mobiliários;ReceitasDeValoresMobiliarios;;;;;;;;;;;;;;;;;;
2020;RREO;5;ALIENAÇÃO DE BENS;AlienacaoDeBens;;;;;;;;;;;;;;;;;;
2020;RREO;5;AMORTIZAÇÃO DA DÍVIDA;AmortizacaoDaDivida;;;;;;;;;;;;;;;;;;
2020;RREO;5;Alienação de Bens Imóveis;AlienacaoDeBensImoveis;;;;;;;;;;;;;;;;;;
2020;RREO;5;Alienação de Bens Móveis;AlienacaoDeBensMoveis;;;;;;;;;;;;;;;;;;
2020;RREO;5;Bens, Direitos e Valores Incorporados ao Patrimônio Público;BensDireitosEValoresIncorporadosAoPatrimonioPublico;;;;;;;;;;;;;;;;;;
2020;RREO;5;CONTRIBUIÇÕES;ReceitaDeContribuicoes;;;;;;;;;;;;;;;;;;
2020;RREO;5;CONTRIBUIÇÕES;ReceitaDeContribuicoesIntra;;;;;;;;;;;;;;;;;;
2020;RREO;5;Cessão de Direitos;ReceitaDaCessaoDeDireitos;;;;;;;;;;;;;;;;;;
2020;RREO;5;Contribuições Sociais;ContribuicoesSociais;;;;;;;;;;;;;;;;;;
2020;RREO;5;Contribuições Sociais;ContribuicoesSociaisIntra;;;;;;;;;;;;;;;;;;
2020;RREO;5;DESPESAS (EXCETO INTRA-ORÇAMENTÁRIAS) (VIII);DespesasExcetoIntraOrcamentarias;;;;;;;;;;;;;;;;;;
2020;RREO;5;DESPESAS (INTRA-ORÇAMENTÁRIAS) (IX);DespesasIntraOrcamentarias;;;;;;;;;;;;;;;;;;
2020;RREO;5;DESPESAS (INTRA-ORÇAMENTÁRIAS) (IX);DespesasIntraOrcamentariasTotal;;;;;;;;;;;;;;;;;;
2020;RREO;5;DESPESAS CORRENTES;DespesasCorrentes;;;;;;;;;;;;;;;;;;
2020;RREO;5;DESPESAS CORRENTES;DespesasCorrentesIntra;;;;;;;;;;;;;;;;;;
2020;RREO;5;DESPESAS DE CAPITAL;DespesasDeCapital;;;;;;;;;;;;;;;;;;
2020;RREO;5;DESPESAS DE CAPITAL;DespesasDeCapitalIntra;;;;;;;;;;;;;;;;;;
2020;RREO;5;Demais Despesas Correntes;DemaisDespesasCorrentes;;;;;;;;;;;;;;;;;;
2020;RREO;5;Demais Receitas Correntes;ReceitasCorrentesDiversas;;;;;;;;;;;;;;;;;;
2020;RREO;5;Demais Receitas Correntes;ReceitasCorrentesDiversasIntra;;;;;;;;;;;;;;;;;;
2020;RREO;5;Demais Receitas Patrimoniais;OutrasReceitasPatrimoniais;;;;;;;;;;;;;;;;;;
2020;RREO;5;Demais Receitas de Capital;RREO1OutrasReceitasDeCapitalIntra;;;;;;;;;;;;;;;;;;
2020;RREO;5;Exploração do Patrimônio Imobiliário do Estado;ReceitasImobiliarias;;;;;;;;;;;;;;;;;;
2020;RREO;5;IMPOSTOS, TAXAS E CONTRIBUIÇÕES DE MELHORIA;ReceitaTributaria;;;;;;;;;;;;;;;;;;
2020;RREO;5;INVERSÕES FINANCEIRAS;InversoesFinanceiras;;;;;;;;;;;;;;;;;;
2020;RREO;5;INVERSÕES FINANCEIRAS;InversoesFinanceirasIntra;;;;;;;;;;;;;;;;;;
2020;RREO;5;INVESTIMENTOS;Investimentos;;;;;;;;;;;;;;;;;;
2020;RREO;5;INVESTIMENTOS;InvestimentosIntra;;;;;;;;;;;;;;;;;;
2020;RREO;5;Impostos;Impostos;;;;;;;;;;;;;;;;;;
2020;RREO;5;Indenizações, Restituições e Ressarcimentos;IndenizacoesERestituicoes;;;;;;;;;;;;;;;;;;
2020;RREO;5;JUROS E ENCARGOS DA DÍVIDA;JurosEEncargosDaDivida;;;;;;;;;;;;;;;;;;
2020;RREO;5;Multas Administrativas, Contratuais e Judiciais;MultasEJurosDeMora;;;;;;;;;;;;;;;;;;
2020;RREO;5;OPERAÇÕES DE CRÉDITO;ReceitasDeOperacoesDeCredito;;;;;;;;;;;;;;;;;;
2020;RREO;5;OUTRAS DESPESAS CORRENTES;OutrasDespesasCorrentes;;;;;;;;;;;;;;;;;;
2020;RREO;5;OUTRAS DESPESAS CORRENTES;OutrasDespesasCorrentesIntra;;;;;;;;;;;;;;;;;;
2020;RREO;5;OUTRAS RECEITAS CORRENTES;OutrasReceitasCorrentes;;;;;;;;;;;;;;;;;;
2020;RREO;5;OUTRAS RECEITAS CORRENTES;OutrasReceitasCorrentesIntra;;;;;;;;;;;;;;;;;;
2020;RREO;5;OUTRAS RECEITAS DE CAPITAL;OutrasReceitasDeCapitalIntra;;;;;;;;;;;;;;;;;;
2020;RREO;5;Operações de Crédito - Mercado Externo;OperacoesDeCreditoExternas;;;;;;;;;;;;;;;;;;
2020;RREO;5;Operações de Crédito - Mercado Interno;OperacoesDeCreditoInternas;;;;;;;;;;;;;;;;;;
2020;RREO;5;Outros Serviços;OutrosServicos;;;;;;;;;;;;;;;;;;
2020;RREO;5;Outros Serviços;OutrosServicosIntra;;;;;;;;;;;;;;;;;;
2020;RREO;5;PESSOAL E ENCARGOS SOCIAIS;PessoalEEncargosSociais;;;;;;;;;;;;;;;;;;
2020;RREO;5;PESSOAL E ENCARGOS SOCIAIS;PessoalEEncargosSociaisIntra;;;;;;;;;;;;;;;;;;
2020;RREO;5;RECEITA DE SERVIÇOS;ReceitaDeServicos;;;;;;;;;;;;;;;;;;
2020;RREO;5;RECEITA DE SERVIÇOS;ReceitaDeServicosIntra;;;;;;;;;;;;;;;;;;
2020;RREO;5;RECEITA PATRIMONIAL;ReceitaPatrimonial;;;;;;;;;;;;;;;;;;
2020;RREO;5;RECEITAS (EXCETO INTRA-ORÇAMENTÁRIAS) (I);ReceitasExcetoIntraOrcamentarias;;;;;;;;;;;;;;;;;;
2020;RREO;5;RECEITAS (INTRA-ORÇAMENTÁRIAS) (II);ReceitasIntraOrcamentarias;;;;;;;;;;;;;;;;;;
2020;RREO;5;RECEITAS (INTRA-ORÇAMENTÁRIAS) (II);ReceitasIntraOrcamentariasTotal;;;;;;;;;;;;;;;;;;
2020;RREO;5;RECEITAS CORRENTES;ReceitasCorrentes;;;;;;;;;;;;;;;;;;
2020;RREO;5;RECEITAS CORRENTES;ReceitasCorrentesIntra;;;;;;;;;;;;;;;;;;
2020;RREO;5;RECEITAS DE CAPITAL;ReceitasDeCapital;;;;;;;;;;;;;;;;;;
2020;RREO;5;RECEITAS DE CAPITAL;ReceitasDeCapitalIntra;;;;;;;;;;;;;;;;;;
2020;RREO;5;RESERVA DE CONTINGÊNCIA;ReservaDeContingencia;;;;;;;;;;;;;;;;;;
2020;RREO;5;RESERVA DO RPPS;ReservaDoRPPS;;;;;;;;;;;;;;;;;;
2020;RREO;5;Recursos Arrecadados em Exercícios Anteriores - RPPS;RecursosArrecadadosEmExerciciosAnteriores;;;;;;;;;;;;;;;;;;
2020;RREO;5;SALDOS DE EXERCÍCIOS ANTERIORES;SaldoDeExerciciosAnterioresUtilizadosParaCreditosAdicionais;;;;;;;;;;;;;;;;;;
2020;RREO;5;SUBTOTAL DAS DESPESAS (X) = (VIII + IX);SubtotalDasDespesas;;;;;;;;;;;;;;;;;;
2020;RREO;5;SUBTOTAL DAS RECEITAS (III) = (I + II);SubtotalDasReceitas;;;;;;;;;;;;;;;;;;
2020;RREO;5;SUPERÁVIT (XIII);Superavit;;;;;;;;;;;;;;;;;;
2020;RREO;5;Serviços Administrativos e Comerciais Gerais;ServicosAdministrativosEComerciaisGerais;;;;;;;;;;;;;;;;;;
2020;RREO;5;Superávit Financeiro Utilizado para Créditos Adicionais;SuperavitFinanceiro;;;;;;;;;;;;;;;;;;
2020;RREO;5;TOTAL COM DÉFICIT (VII) = (V + VI);TotalReceitasComDeficit;;;;;;;;;;;;;;;;;;
2020;RREO;5;TOTAL COM SUPERÁVIT (XIV) = (XII + XIII);TotalDespesasComSuperavit;;;;;;;;;;;;;;;;;;
2020;RREO;5;TOTAL DAS DESPESAS (XII) = (X + XI);TotalDespesas;;;;;;;;;;;;;;;;;;
2020;RREO;5;TOTAL DAS RECEITAS (V) = (III + IV);TotalReceitas;;;;;;;;;;;;;;;;;;
2020;RREO;5;TRANSFERÊNCIAS CORRENTES;TransferenciasCorrentes;;;;;;;;;;;;;;;;;;
2020;RREO;5;TRANSFERÊNCIAS CORRENTES;TransferenciasCorrentesIntra;;;;;;;;;;;;;;;;;;
2020;RREO;5;TRANSFERÊNCIAS DE CAPITAL;TransferenciasDeCapital;;;;;;;;;;;;;;;;;;
2020;RREO;5;TRANSFERÊNCIAS DE CAPITAL;TransferenciasDeCapitalIntra;;;;;;;;;;;;;;;;;;
2020;RREO;5;Taxas;Taxas;;;;;;;;;;;;;;;;;;
2020;RREO;5;Transferências da União e de suas Entidades;TransferenciasCorrentesDaUniaoEDeSuasEntidades;;;;;;;;;;;;;;;;;;
2020;RREO;5;Transferências da União e de suas Entidades;TransferenciasDeCapitalDaUniaoEDeSuasEntidades;;;;;;;;;;;;;;;;;;
2020;RREO;5;Transferências de Instituições Privadas;TransferenciasCorrentesDeInstituicoesPrivadas;;;;;;;;;;;;;;;;;;
2020;RREO;5;Transferências de Outras Instituições Públicas;TransferenciasCorrentesDeOutrasInstituicoesPublicas;;;;;;;;;;;;;;;;;;
2020;RREO;5;Transferências de Outras Instituições Públicas;TransferenciasCorrentesDeOutrasInstituicoesPublicasIntra;;;;;;;;;;;;;;;;;;
2020;RREO;5;Transferências de Pessoas Físicas;TransferenciasCorrentesDePessoasFisicas;;;;;;;;;;;;;;;;;;
2020;RREO;5;Transferências dos Estados e do Distrito Federal e de suas Entidades;TransferenciasDeCapitalDosEstadosEDoDistritoFederalEDeSuasEntidadesIntra;;;;;;;;;;;;;;;;;;
2020;RREO;5;Transferências dos Municípios e de suas Entidades;TransferenciasCorrentesDosMunicipiosEDeSuasEntidades;;;;;;;;;;;;;;;;;;
2020;RREO;5;Valores Mobiliários;ReceitasDeValoresMobiliarios;;;;;;;;;;;;;;;;;;
2020;RREO;6;ALIENAÇÃO DE BENS;AlienacaoDeBens;;;;;;;;;;;;;;;;;;
2020;RREO;6;AMORTIZAÇÃO DA DÍVIDA;AmortizacaoDaDivida;;;;;;;;;;;;;;;;;;
2020;RREO;6;Alienação de Bens Imóveis;AlienacaoDeBensImoveis;;;;;;;;;;;;;;;;;;
2020;RREO;6;Alienação de Bens Móveis;AlienacaoDeBensMoveis;;;;;;;;;;;;;;;;;;
2020;RREO;6;Bens, Direitos e Valores Incorporados ao Patrimônio Público;BensDireitosEValoresIncorporadosAoPatrimonioPublico;;;;;;;;;;;;;;;;;;
2020;RREO;6;CONTRIBUIÇÕES;ReceitaDeContribuicoes;;;;;;;;;;;;;;;;;;
2020;RREO;6;CONTRIBUIÇÕES;ReceitaDeContribuicoesIntra;;;;;;;;;;;;;;;;;;
2020;RREO;6;Cessão de Direitos;ReceitaDaCessaoDeDireitos;;;;;;;;;;;;;;;;;;
2020;RREO;6;Contribuições Sociais;ContribuicoesSociais;;;;;;;;;;;;;;;;;;
2020;RREO;6;Contribuições Sociais;ContribuicoesSociaisIntra;;;;;;;;;;;;;;;;;;
2020;RREO;6;DESPESAS (EXCETO INTRA-ORÇAMENTÁRIAS) (VIII);DespesasExcetoIntraOrcamentarias;;;;;;;;;;;;;;;;;;
2020;RREO;6;DESPESAS (INTRA-ORÇAMENTÁRIAS) (IX);DespesasIntraOrcamentarias;;;;;;;;;;;;;;;;;;
2020;RREO;6;DESPESAS (INTRA-ORÇAMENTÁRIAS) (IX);DespesasIntraOrcamentariasTotal;;;;;;;;;;;;;;;;;;
2020;RREO;6;DESPESAS CORRENTES;DespesasCorrentes;;;;;;;;;;;;;;;;;;
2020;RREO;6;DESPESAS CORRENTES;DespesasCorrentesIntra;;;;;;;;;;;;;;;;;;
2020;RREO;6;DESPESAS DE CAPITAL;DespesasDeCapital;;;;;;;;;;;;;;;;;;
2020;RREO;6;DESPESAS DE CAPITAL;DespesasDeCapitalIntra;;;;;;;;;;;;;;;;;;
2020;RREO;6;Demais Despesas Correntes;DemaisDespesasCorrentes;;;;;;;;;;;;;;;;;;
2020;RREO;6;Demais Receitas Correntes;ReceitasCorrentesDiversas;;;;;;;;;;;;;;;;;;
2020;RREO;6;Demais Receitas Correntes;ReceitasCorrentesDiversasIntra;;;;;;;;;;;;;;;;;;
2020;RREO;6;Demais Receitas Patrimoniais;OutrasReceitasPatrimoniais;;;;;;;;;;;;;;;;;;
2020;RREO;6;Demais Receitas de Capital;RREO1OutrasReceitasDeCapitalIntra;;;;;;;;;;;;;;;;;;
2020;RREO;6;Exploração do Patrimônio Imobiliário do Estado;ReceitasImobiliarias;;;;;;;;;;;;;;;;;;
2020;RREO;6;IMPOSTOS, TAXAS E CONTRIBUIÇÕES DE MELHORIA;ReceitaTributaria;;;;;;;;;;;;;;;;;;
2020;RREO;6;INVERSÕES FINANCEIRAS;InversoesFinanceiras;;;;;;;;;;;;;;;;;;
2020;RREO;6;INVERSÕES FINANCEIRAS;InversoesFinanceirasIntra;;;;;;;;;;;;;;;;;;
2020;RREO;6;INVESTIMENTOS;Investimentos;;;;;;;;;;;;;;;;;;
2020;RREO;6;INVESTIMENTOS;InvestimentosIntra;;;;;;;;;;;;;;;;;;
2020;RREO;6;Impostos;Impostos;;;;;;;;;;;;;;;;;;
2020;RREO;6;Indenizações, Restituições e Ressarcimentos;IndenizacoesERestituicoes;;;;;;;;;;;;;;;;;;
2020;RREO;6;JUROS E ENCARGOS DA DÍVIDA;JurosEEncargosDaDivida;;;;;;;;;;;;;;;;;;
2020;RREO;6;Multas Administrativas, Contratuais e Judiciais;MultasEJurosDeMora;;;;;;;;;;;;;;;;;;
2020;RREO;6;OPERAÇÕES DE CRÉDITO;ReceitasDeOperacoesDeCredito;;;;;;;;;;;;;;;;;;
2020;RREO;6;OUTRAS DESPESAS CORRENTES;OutrasDespesasCorrentes;;;;;;;;;;;;;;;;;;
2020;RREO;6;OUTRAS DESPESAS CORRENTES;OutrasDespesasCorrentesIntra;;;;;;;;;;;;;;;;;;
2020;RREO;6;OUTRAS RECEITAS CORRENTES;OutrasReceitasCorrentes;;;;;;;;;;;;;;;;;;
2020;RREO;6;OUTRAS RECEITAS CORRENTES;OutrasReceitasCorrentesIntra;;;;;;;;;;;;;;;;;;
2020;RREO;6;OUTRAS RECEITAS DE CAPITAL;OutrasReceitasDeCapitalIntra;;;;;;;;;;;;;;;;;;
2020;RREO;6;Operações de Crédito - Mercado Externo;OperacoesDeCreditoExternas;;;;;;;;;;;;;;;;;;
2020;RREO;6;Operações de Crédito - Mercado Interno;OperacoesDeCreditoInternas;;;;;;;;;;;;;;;;;;
2020;RREO;6;Outros Serviços;OutrosServicos;;;;;;;;;;;;;;;;;;
2020;RREO;6;Outros Serviços;OutrosServicosIntra;;;;;;;;;;;;;;;;;;
2020;RREO;6;PESSOAL E ENCARGOS SOCIAIS;PessoalEEncargosSociais;;;;;;;;;;;;;;;;;;
2020;RREO;6;PESSOAL E ENCARGOS SOCIAIS;PessoalEEncargosSociaisIntra;;;;;;;;;;;;;;;;;;
2020;RREO;6;RECEITA DE SERVIÇOS;ReceitaDeServicos;;;;;;;;;;;;;;;;;;
2020;RREO;6;RECEITA DE SERVIÇOS;ReceitaDeServicosIntra;;;;;;;;;;;;;;;;;;
2020;RREO;6;RECEITA PATRIMONIAL;ReceitaPatrimonial;;;;;;;;;;;;;;;;;;
2020;RREO;6;RECEITAS (EXCETO INTRA-ORÇAMENTÁRIAS) (I);ReceitasExcetoIntraOrcamentarias;;;;;;;;;;;;;;;;;;
2020;RREO;6;RECEITAS (INTRA-ORÇAMENTÁRIAS) (II);ReceitasIntraOrcamentarias;;;;;;;;;;;;;;;;;;
2020;RREO;6;RECEITAS (INTRA-ORÇAMENTÁRIAS) (II);ReceitasIntraOrcamentariasTotal;;;;;;;;;;;;;;;;;;
2020;RREO;6;RECEITAS CORRENTES;ReceitasCorrentes;;;;;;;;;;;;;;;;;;
2020;RREO;6;RECEITAS CORRENTES;ReceitasCorrentesIntra;;;;;;;;;;;;;;;;;;
2020;RREO;6;RECEITAS DE CAPITAL;ReceitasDeCapital;;;;;;;;;;;;;;;;;;
2020;RREO;6;RECEITAS DE CAPITAL;ReceitasDeCapitalIntra;;;;;;;;;;;;;;;;;;
2020;RREO;6;RESERVA DE CONTINGÊNCIA;ReservaDeContingencia;;;;;;;;;;;;;;;;;;
2020;RREO;6;RESERVA DO RPPS;ReservaDoRPPS;;;;;;;;;;;;;;;;;;
2020;RREO;6;Recursos Arrecadados em Exercícios Anteriores - RPPS;RecursosArrecadadosEmExerciciosAnteriores;;;;;;;;;;;;;;;;;;
2020;RREO;6;SALDOS DE EXERCÍCIOS ANTERIORES;SaldoDeExerciciosAnterioresUtilizadosParaCreditosAdicionais;;;;;;;;;;;;;;;;;;
2020;RREO;6;SUBTOTAL DAS DESPESAS (X) = (VIII + IX);SubtotalDasDespesas;;;;;;;;;;;;;;;;;;
2020;RREO;6;SUBTOTAL DAS RECEITAS (III) = (I + II);SubtotalDasReceitas;;;;;;;;;;;;;;;;;;
2020;RREO;6;SUPERÁVIT (XIII);Superavit;;;;;;;;;;;;;;;;;;
2020;RREO;6;Serviços Administrativos e Comerciais Gerais;ServicosAdministrativosEComerciaisGerais;;;;;;;;;;;;;;;;;;
2020;RREO;6;Superávit Financeiro Utilizado para Créditos Adicionais;SuperavitFinanceiro;;;;;;;;;;;;;;;;;;
2020;RREO;6;TOTAL COM DÉFICIT (VII) = (V + VI);TotalReceitasComDeficit;;;;;;;;;;;;;;;;;;
2020;RREO;6;TOTAL COM SUPERÁVIT (XIV) = (XII + XIII);TotalDespesasComSuperavit;;;;;;;;;;;;;;;;;;
2020;RREO;6;TOTAL DAS DESPESAS (XII) = (X + XI);TotalDespesas;;;;;;;;;;;;;;;;;;
2020;RREO;6;TOTAL DAS RECEITAS (V) = (III + IV);TotalReceitas;;;;;;;;;;;;;;;;;;
2020;RREO;6;TRANSFERÊNCIAS CORRENTES;TransferenciasCorrentes;;;;;;;;;;;;;;;;;;
2020;RREO;6;TRANSFERÊNCIAS CORRENTES;TransferenciasCorrentesIntra;;;;;;;;;;;;;;;;;;
2020;RREO;6;TRANSFERÊNCIAS DE CAPITAL;TransferenciasDeCapital;;;;;;;;;;;;;;;;;;
2020;RREO;6;TRANSFERÊNCIAS DE CAPITAL;TransferenciasDeCapitalIntra;;;;;;;;;;;;;;;;;;
2020;RREO;6;Taxas;Taxas;;;;;;;;;;;;;;;;;;
2020;RREO;6;Transferências da União e de suas Entidades;TransferenciasCorrentesDaUniaoEDeSuasEntidades;;;;;;;;;;;;;;;;;;
2020;RREO;6;Transferências da União e de suas Entidades;TransferenciasDeCapitalDaUniaoEDeSuasEntidades;;;;;;;;;;;;;;;;;;
2020;RREO;6;Transferências de Instituições Privadas;TransferenciasCorrentesDeInstituicoesPrivadas;;;;;;;;;;;;;;;;;;
2020;RREO;6;Transferências de Outras Instituições Públicas;TransferenciasCorrentesDeOutrasInstituicoesPublicas;;;;;;;;;;;;;;;;;;
2020;RREO;6;Transferências de Outras Instituições Públicas;TransferenciasCorrentesDeOutrasInstituicoesPublicasIntra;;;;;;;;;;;;;;;;;;
2020;RREO;6;Transferências de Pessoas Físicas;TransferenciasCorrentesDePessoasFisicas;;;;;;;;;;;;;;;;;;
2020;RREO;6;Transferências dos Estados e do Distrito Federal e de suas Entidades;TransferenciasDeCapitalDosEstadosEDoDistritoFederalEDeSuasEntidadesIntra;;;;;;;;;;;;;;;;;;
2020;RREO;6;Transferências dos Municípios e de suas Entidades;TransferenciasCorrentesDosMunicipiosEDeSuasEntidades;;;;;;;;;;;;;;;;;;
2020;RREO;6;Valores Mobiliários;ReceitasDeValoresMobiliarios;;;;;;;;;;;;;;;;;;
2021;RREO;1;ALIENAÇÃO DE BENS;AlienacaoDeBens;;;;;;;;;;;;;;;;;;
2021;RREO;1;AMORTIZAÇÃO DA DÍVIDA;AmortizacaoDaDivida;;;;;;;;;;;;;;;;;;
2021;RREO;1;Alienação de Bens Móveis;AlienacaoDeBensMoveis;;;;;;;;;;;;;;;;;;
2021;RREO;1;CONTRIBUIÇÕES;ReceitaDeContribuicoes;;;;;;;;;;;;;;;;;;
2021;RREO;1;CONTRIBUIÇÕES;ReceitaDeContribuicoesIntra;;;;;;;;;;;;;;;;;;
2021;RREO;1;Cessão de Direitos;ReceitaDaCessaoDeDireitos;;;;;;;;;;;;;;;;;;
2021;RREO;1;Contribuições Sociais;ContribuicoesSociais;;;;;;;;;;;;;;;;;;
2021;RREO;1;Contribuições Sociais;ContribuicoesSociaisIntra;;;;;;;;;;;;;;;;;;
2021;RREO;1;DESPESAS (EXCETO INTRA-ORÇAMENTÁRIAS) (VIII);DespesasExcetoIntraOrcamentarias;;;;;;;;;;;;;;;;;;
2021;RREO;1;DESPESAS (INTRA-ORÇAMENTÁRIAS) (IX);DespesasIntraOrcamentarias;;;;;;;;;;;;;;;;;;
2021;RREO;1;DESPESAS (INTRA-ORÇAMENTÁRIAS) (IX);DespesasIntraOrcamentariasTotal;;;;;;;;;;;;;;;;;;
2021;RREO;1;DESPESAS CORRENTES;DespesasCorrentes;;;;;;;;;;;;;;;;;;
2021;RREO;1;DESPESAS CORRENTES;DespesasCorrentesIntra;;;;;;;;;;;;;;;;;;
2021;RREO;1;DESPESAS DE CAPITAL;DespesasDeCapital;;;;;;;;;;;;;;;;;;
2021;RREO;1;DESPESAS DE CAPITAL;DespesasDeCapitalIntra;;;;;;;;;;;;;;;;;;
2021;RREO;1;Demais Despesas Correntes;DemaisDespesasCorrentes;;;;;;;;;;;;;;;;;;
2021;RREO;1;Demais Receitas Correntes;ReceitasCorrentesDiversas;;;;;;;;;;;;;;;;;;
2021;RREO;1;Demais Receitas Patrimoniais;OutrasReceitasPatrimoniais;;;;;;;;;;;;;;;;;;
2021;RREO;1;Exploração do Patrimônio Imobiliário do Estado;ReceitasImobiliarias;;;;;;;;;;;;;;;;;;
2021;RREO;1;IMPOSTOS, TAXAS E CONTRIBUIÇÕES DE MELHORIA;ReceitaTributaria;;;;;;;;;;;;;;;;;;
2021;RREO;1;INVERSÕES FINANCEIRAS;InversoesFinanceiras;;;;;;;;;;;;;;;;;;
2021;RREO;1;INVESTIMENTOS;Investimentos;;;;;;;;;;;;;;;;;;
2021;RREO;1;INVESTIMENTOS;InvestimentosIntra;;;;;;;;;;;;;;;;;;
2021;RREO;1;Impostos;Impostos;;;;;;;;;;;;;;;;;;
2021;RREO;1;Indenizações, Restituições e Ressarcimentos;IndenizacoesERestituicoes;;;;;;;;;;;;;;;;;;
2021;RREO;1;JUROS E ENCARGOS DA DÍVIDA;JurosEEncargosDaDivida;;;;;;;;;;;;;;;;;;
2021;RREO;1;Multas Administrativas, Contratuais e Judiciais;MultasEJurosDeMora;;;;;;;;;;;;;;;;;;
2021;RREO;1;OPERAÇÕES DE CRÉDITO;ReceitasDeOperacoesDeCredito;;;;;;;;;;;;;;;;;;
2021;RREO;1;OUTRAS DESPESAS CORRENTES;OutrasDespesasCorrentes;;;;;;;;;;;;;;;;;;
2021;RREO;1;OUTRAS DESPESAS CORRENTES;OutrasDespesasCorrentesIntra;;;;;;;;;;;;;;;;;;
2021;RREO;1;OUTRAS RECEITAS CORRENTES;OutrasReceitasCorrentes;;;;;;;;;;;;;;;;;;
2021;RREO;1;Operações de Crédito - Mercado Interno;OperacoesDeCreditoInternas;;;;;;;;;;;;;;;;;;
2021;RREO;1;Outros Serviços;OutrosServicos;;;;;;;;;;;;;;;;;;
2021;RREO;1;PESSOAL E ENCARGOS SOCIAIS;PessoalEEncargosSociais;;;;;;;;;;;;;;;;;;
2021;RREO;1;PESSOAL E ENCARGOS SOCIAIS;PessoalEEncargosSociaisIntra;;;;;;;;;;;;;;;;;;
2021;RREO;1;RECEITA DE SERVIÇOS;ReceitaDeServicos;;;;;;;;;;;;;;;;;;
2021;RREO;1;RECEITA PATRIMONIAL;ReceitaPatrimonial;;;;;;;;;;;;;;;;;;
2021;RREO;1;RECEITAS (EXCETO INTRA-ORÇAMENTÁRIAS) (I);ReceitasExcetoIntraOrcamentarias;;;;;;;;;;;;;;;;;;
2021;RREO;1;RECEITAS (INTRA-ORÇAMENTÁRIAS) (II);ReceitasIntraOrcamentarias;;;;;;;;;;;;;;;;;;
2021;RREO;1;RECEITAS (INTRA-ORÇAMENTÁRIAS) (II);ReceitasIntraOrcamentariasTotal;;;;;;;;;;;;;;;;;;
2021;RREO;1;RECEITAS CORRENTES;ReceitasCorrentes;;;;;;;;;;;;;;;;;;
2021;RREO;1;RECEITAS CORRENTES;ReceitasCorrentesIntra;;;;;;;;;;;;;;;;;;
2021;RREO;1;RECEITAS DE CAPITAL;ReceitasDeCapital;;;;;;;;;;;;;;;;;;
2021;RREO;1;RESERVA DE CONTINGÊNCIA;ReservaDeContingencia;;;;;;;;;;;;;;;;;;
2021;RREO;1;RESERVA DO RPPS;ReservaDoRPPS;;;;;;;;;;;;;;;;;;
2021;RREO;1;SALDOS DE EXERCÍCIOS ANTERIORES;SaldoDeExerciciosAnterioresUtilizadosParaCreditosAdicionais;;;;;;;;;;;;;;;;;;
2021;RREO;1;SUBTOTAL DAS DESPESAS (X) = (VIII + IX);SubtotalDasDespesas;;;;;;;;;;;;;;;;;;
2021;RREO;1;SUBTOTAL DAS RECEITAS (III) = (I + II);SubtotalDasReceitas;;;;;;;;;;;;;;;;;;
2021;RREO;1;SUPERÁVIT (XIII);Superavit;;;;;;;;;;;;;;;;;;
2021;RREO;1;Serviços Administrativos e Comerciais Gerais;ServicosAdministrativosEComerciaisGerais;;;;;;;;;;;;;;;;;;
2021;RREO;1;Serviços e Atividades Referentes à Navegação e ao Transporte;ServicosEAtividadesReferentesANavegacaoEAoTransporte;;;;;;;;;;;;;;;;;;
2021;RREO;1;Superávit Financeiro Utilizado para Créditos Adicionais;SuperavitFinanceiro;;;;;;;;;;;;;;;;;;
2021;RREO;1;TOTAL COM DÉFICIT (VII) = (V + VI);TotalReceitasComDeficit;;;;;;;;;;;;;;;;;;
2021;RREO;1;TOTAL COM SUPERÁVIT (XIV) = (XII + XIII);TotalDespesasComSuperavit;;;;;;;;;;;;;;;;;;
2021;RREO;1;TOTAL DAS DESPESAS (XII) = (X + XI);TotalDespesas;;;;;;;;;;;;;;;;;;
2021;RREO;1;TOTAL DAS RECEITAS (V) = (III + IV);TotalReceitas;;;;;;;;;;;;;;;;;;
2021;RREO;1;TRANSFERÊNCIAS CORRENTES;TransferenciasCorrentes;;;;;;;;;;;;;;;;;;
2021;RREO;1;TRANSFERÊNCIAS DE CAPITAL;TransferenciasDeCapital;;;;;;;;;;;;;;;;;;
2021;RREO;1;Taxas;Taxas;;;;;;;;;;;;;;;;;;
2021;RREO;1;Transferências da União e de suas Entidades;TransferenciasCorrentesDaUniaoEDeSuasEntidades;;;;;;;;;;;;;;;;;;
2021;RREO;1;Transferências da União e de suas Entidades;TransferenciasDeCapitalDaUniaoEDeSuasEntidades;;;;;;;;;;;;;;;;;;
2021;RREO;1;Transferências de Instituições Privadas;TransferenciasCorrentesDeInstituicoesPrivadas;;;;;;;;;;;;;;;;;;
2021;RREO;1;Transferências de Outras Instituições Públicas;TransferenciasCorrentesDeOutrasInstituicoesPublicas;;;;;;;;;;;;;;;;;;
2021;RREO;1;Transferências dos Municípios e de suas Entidades;TransferenciasCorrentesDosMunicipiosEDeSuasEntidades;;;;;;;;;;;;;;;;;;
2021;RREO;1;Valores Mobiliários;ReceitasDeValoresMobiliarios;;;;;;;;;;;;;;;;;;
2021;RREO;2;ALIENAÇÃO DE BENS;AlienacaoDeBens;;;;;;;;;;;;;;;;;;
2021;RREO;2;AMORTIZAÇÃO DA DÍVIDA;AmortizacaoDaDivida;;;;;;;;;;;;;;;;;;
2021;RREO;2;Alienação de Bens Móveis;AlienacaoDeBensMoveis;;;;;;;;;;;;;;;;;;
2021;RREO;2;CONTRIBUIÇÕES;ReceitaDeContribuicoes;;;;;;;;;;;;;;;;;;
2021;RREO;2;CONTRIBUIÇÕES;ReceitaDeContribuicoesIntra;;;;;;;;;;;;;;;;;;
2021;RREO;2;Cessão de Direitos;ReceitaDaCessaoDeDireitos;;;;;;;;;;;;;;;;;;
2021;RREO;2;Contribuições Sociais;ContribuicoesSociais;;;;;;;;;;;;;;;;;;
2021;RREO;2;Contribuições Sociais;ContribuicoesSociaisIntra;;;;;;;;;;;;;;;;;;
2021;RREO;2;DESPESAS (EXCETO INTRA-ORÇAMENTÁRIAS) (VIII);DespesasExcetoIntraOrcamentarias;;;;;;;;;;;;;;;;;;
2021;RREO;2;DESPESAS (INTRA-ORÇAMENTÁRIAS) (IX);DespesasIntraOrcamentarias;;;;;;;;;;;;;;;;;;
2021;RREO;2;DESPESAS (INTRA-ORÇAMENTÁRIAS) (IX);DespesasIntraOrcamentariasTotal;;;;;;;;;;;;;;;;;;
2021;RREO;2;DESPESAS CORRENTES;DespesasCorrentes;;;;;;;;;;;;;;;;;;
2021;RREO;2;DESPESAS CORRENTES;DespesasCorrentesIntra;;;;;;;;;;;;;;;;;;
2021;RREO;2;DESPESAS DE CAPITAL;DespesasDeCapital;;;;;;;;;;;;;;;;;;
2021;RREO;2;DESPESAS DE CAPITAL;DespesasDeCapitalIntra;;;;;;;;;;;;;;;;;;
2021;RREO;2;Demais Despesas Correntes;DemaisDespesasCorrentes;;;;;;;;;;;;;;;;;;
2021;RREO;2;Demais Receitas Correntes;ReceitasCorrentesDiversas;;;;;;;;;;;;;;;;;;
2021;RREO;2;Demais Receitas Patrimoniais;OutrasReceitasPatrimoniais;;;;;;;;;;;;;;;;;;
2021;RREO;2;Exploração do Patrimônio Imobiliário do Estado;ReceitasImobiliarias;;;;;;;;;;;;;;;;;;
2021;RREO;2;IMPOSTOS, TAXAS E CONTRIBUIÇÕES DE MELHORIA;ReceitaTributaria;;;;;;;;;;;;;;;;;;
2021;RREO;2;INVERSÕES FINANCEIRAS;InversoesFinanceiras;;;;;;;;;;;;;;;;;;
2021;RREO;2;INVESTIMENTOS;Investimentos;;;;;;;;;;;;;;;;;;
2021;RREO;2;INVESTIMENTOS;InvestimentosIntra;;;;;;;;;;;;;;;;;;
2021;RREO;2;Impostos;Impostos;;;;;;;;;;;;;;;;;;
2021;RREO;2;Indenizações, Restituições e Ressarcimentos;IndenizacoesERestituicoes;;;;;;;;;;;;;;;;;;
2021;RREO;2;JUROS E ENCARGOS DA DÍVIDA;JurosEEncargosDaDivida;;;;;;;;;;;;;;;;;;
2021;RREO;2;Multas Administrativas, Contratuais e Judiciais;MultasEJurosDeMora;;;;;;;;;;;;;;;;;;
2021;RREO;2;OPERAÇÕES DE CRÉDITO;ReceitasDeOperacoesDeCredito;;;;;;;;;;;;;;;;;;
2021;RREO;2;OUTRAS DESPESAS CORRENTES;OutrasDespesasCorrentes;;;;;;;;;;;;;;;;;;
2021;RREO;2;OUTRAS DESPESAS CORRENTES;OutrasDespesasCorrentesIntra;;;;;;;;;;;;;;;;;;
2021;RREO;2;OUTRAS RECEITAS CORRENTES;OutrasReceitasCorrentes;;;;;;;;;;;;;;;;;;
2021;RREO;2;Operações de Crédito - Mercado Interno;OperacoesDeCreditoInternas;;;;;;;;;;;;;;;;;;
2021;RREO;2;Outros Serviços;OutrosServicos;;;;;;;;;;;;;;;;;;
2021;RREO;2;PESSOAL E ENCARGOS SOCIAIS;PessoalEEncargosSociais;;;;;;;;;;;;;;;;;;
2021;RREO;2;PESSOAL E ENCARGOS SOCIAIS;PessoalEEncargosSociaisIntra;;;;;;;;;;;;;;;;;;
2021;RREO;2;RECEITA DE SERVIÇOS;ReceitaDeServicos;;;;;;;;;;;;;;;;;;
2021;RREO;2;RECEITA PATRIMONIAL;ReceitaPatrimonial;;;;;;;;;;;;;;;;;;
2021;RREO;2;RECEITAS (EXCETO INTRA-ORÇAMENTÁRIAS) (I);ReceitasExcetoIntraOrcamentarias;;;;;;;;;;;;;;;;;;
2021;RREO;2;RECEITAS (INTRA-ORÇAMENTÁRIAS) (II);ReceitasIntraOrcamentarias;;;;;;;;;;;;;;;;;;
2021;RREO;2;RECEITAS (INTRA-ORÇAMENTÁRIAS) (II);ReceitasIntraOrcamentariasTotal;;;;;;;;;;;;;;;;;;
2021;RREO;2;RECEITAS CORRENTES;ReceitasCorrentes;;;;;;;;;;;;;;;;;;
2021;RREO;2;RECEITAS CORRENTES;ReceitasCorrentesIntra;;;;;;;;;;;;;;;;;;
2021;RREO;2;RECEITAS DE CAPITAL;ReceitasDeCapital;;;;;;;;;;;;;;;;;;
2021;RREO;2;RESERVA DE CONTINGÊNCIA;ReservaDeContingencia;;;;;;;;;;;;;;;;;;
2021;RREO;2;RESERVA DO RPPS;ReservaDoRPPS;;;;;;;;;;;;;;;;;;
2021;RREO;2;SALDOS DE EXERCÍCIOS ANTERIORES;SaldoDeExerciciosAnterioresUtilizadosParaCreditosAdicionais;;;;;;;;;;;;;;;;;;
2021;RREO;2;SUBTOTAL DAS DESPESAS (X) = (VIII + IX);SubtotalDasDespesas;;;;;;;;;;;;;;;;;;
2021;RREO;2;SUBTOTAL DAS RECEITAS (III) = (I + II);SubtotalDasReceitas;;;;;;;;;;;;;;;;;;
2021;RREO;2;SUPERÁVIT (XIII);Superavit;;;;;;;;;;;;;;;;;;
2021;RREO;2;Serviços Administrativos e Comerciais Gerais;ServicosAdministrativosEComerciaisGerais;;;;;;;;;;;;;;;;;;
2021;RREO;2;Serviços e Atividades Referentes à Navegação e ao Transporte;ServicosEAtividadesReferentesANavegacaoEAoTransporte;;;;;;;;;;;;;;;;;;
2021;RREO;2;Superávit Financeiro Utilizado para Créditos Adicionais;SuperavitFinanceiro;;;;;;;;;;;;;;;;;;
2021;RREO;2;TOTAL COM DÉFICIT (VII) = (V + VI);TotalReceitasComDeficit;;;;;;;;;;;;;;;;;;
2021;RREO;2;TOTAL COM SUPERÁVIT (XIV) = (XII + XIII);TotalDespesasComSuperavit;;;;;;;;;;;;;;;;;;
2021;RREO;2;TOTAL DAS DESPESAS (XII) = (X + XI);TotalDespesas;;;;;;;;;;;;;;;;;;
2021;RREO;2;TOTAL DAS RECEITAS (V) = (III + IV);TotalReceitas;;;;;;;;;;;;;;;;;;
2021;RREO;2;TRANSFERÊNCIAS CORRENTES;TransferenciasCorrentes;;;;;;;;;;;;;;;;;;
2021;RREO;2;TRANSFERÊNCIAS DE CAPITAL;TransferenciasDeCapital;;;;;;;;;;;;;;;;;;
2021;RREO;2;Taxas;Taxas;;;;;;;;;;;;;;;;;;
2021;RREO;2;Transferências da União e de suas Entidades;TransferenciasCorrentesDaUniaoEDeSuasEntidades;;;;;;;;;;;;;;;;;;
2021;RREO;2;Transferências da União e de suas Entidades;TransferenciasDeCapitalDaUniaoEDeSuasEntidades;;;;;;;;;;;;;;;;;;
2021;RREO;2;Transferências de Instituições Privadas;TransferenciasCorrentesDeInstituicoesPrivadas;;;;;;;;;;;;;;;;;;
2021;RREO;2;Transferências de Outras Instituições Públicas;TransferenciasCorrentesDeOutrasInstituicoesPublicas;;;;;;;;;;;;;;;;;;
2021;RREO;2;Transferências de Pessoas Físicas;TransferenciasDeCapitalDePessoas;;;;;;;;;;;;;;;;;;
2021;RREO;2;Transferências dos Estados e do Distrito Federal e de suas Entidades;TransferenciasCorrentesDosEstadosEDoDistritoFederalEDeSuasEntidades;;;;;;;;;;;;;;;;;;
2021;RREO;2;Transferências dos Municípios e de suas Entidades;TransferenciasCorrentesDosMunicipiosEDeSuasEntidades;;;;;;;;;;;;;;;;;;
2021;RREO;2;Transferências dos Municípios e de suas Entidades;TransferenciasdeCapitalDosMunicipiosEDeSuasEntidades;;;;;;;;;;;;;;;;;;
2021;RREO;2;Valores Mobiliários;ReceitasDeValoresMobiliarios;;;;;;;;;;;;;;;;;;
2021;RREO;3;ALIENAÇÃO DE BENS;AlienacaoDeBens;;;;;;;;;;;;;;;;;;
2021;RREO;3;AMORTIZAÇÃO DA DÍVIDA;AmortizacaoDaDivida;;;;;;;;;;;;;;;;;;
2021;RREO;3;Alienação de Bens Móveis;AlienacaoDeBensMoveis;;;;;;;;;;;;;;;;;;
2021;RREO;3;CONTRIBUIÇÕES;ReceitaDeContribuicoes;;;;;;;;;;;;;;;;;;
2021;RREO;3;CONTRIBUIÇÕES;ReceitaDeContribuicoesIntra;;;;;;;;;;;;;;;;;;
2021;RREO;3;Cessão de Direitos;ReceitaDaCessaoDeDireitos;;;;;;;;;;;;;;;;;;
2021;RREO;3;Contribuições Sociais;ContribuicoesSociais;;;;;;;;;;;;;;;;;;
2021;RREO;3;Contribuições Sociais;ContribuicoesSociaisIntra;;;;;;;;;;;;;;;;;;
2021;RREO;3;DESPESAS (EXCETO INTRA-ORÇAMENTÁRIAS) (VIII);DespesasExcetoIntraOrcamentarias;;;;;;;;;;;;;;;;;;
2021;RREO;3;DESPESAS (INTRA-ORÇAMENTÁRIAS) (IX);DespesasIntraOrcamentarias;;;;;;;;;;;;;;;;;;
2021;RREO;3;DESPESAS (INTRA-ORÇAMENTÁRIAS) (IX);DespesasIntraOrcamentariasTotal;;;;;;;;;;;;;;;;;;
2021;RREO;3;DESPESAS CORRENTES;DespesasCorrentes;;;;;;;;;;;;;;;;;;
2021;RREO;3;DESPESAS CORRENTES;DespesasCorrentesIntra;;;;;;;;;;;;;;;;;;
2021;RREO;3;DESPESAS DE CAPITAL;DespesasDeCapital;;;;;;;;;;;;;;;;;;
2021;RREO;3;DESPESAS DE CAPITAL;DespesasDeCapitalIntra;;;;;;;;;;;;;;;;;;
2021;RREO;3;Demais Despesas Correntes;DemaisDespesasCorrentes;;;;;;;;;;;;;;;;;;
2021;RREO;3;Demais Receitas Correntes;ReceitasCorrentesDiversas;;;;;;;;;;;;;;;;;;
2021;RREO;3;Demais Receitas Patrimoniais;OutrasReceitasPatrimoniais;;;;;;;;;;;;;;;;;;
2021;RREO;3;Demais Receitas de Capital;RREO1OutrasReceitasDeCapitalIntra;;;;;;;;;;;;;;;;;;
2021;RREO;3;Exploração do Patrimônio Imobiliário do Estado;ReceitasImobiliarias;;;;;;;;;;;;;;;;;;
2021;RREO;3;IMPOSTOS, TAXAS E CONTRIBUIÇÕES DE MELHORIA;ReceitaTributaria;;;;;;;;;;;;;;;;;;
2021;RREO;3;INVERSÕES FINANCEIRAS;InversoesFinanceiras;;;;;;;;;;;;;;;;;;
2021;RREO;3;INVESTIMENTOS;Investimentos;;;;;;;;;;;;;;;;;;
2021;RREO;3;INVESTIMENTOS;InvestimentosIntra;;;;;;;;;;;;;;;;;;
2021;RREO;3;Impostos;Impostos;;;;;;;;;;;;;;;;;;
2021;RREO;3;Indenizações, Restituições e Ressarcimentos;IndenizacoesERestituicoes;;;;;;;;;;;;;;;;;;
2021;RREO;3;JUROS E ENCARGOS DA DÍVIDA;JurosEEncargosDaDivida;;;;;;;;;;;;;;;;;;
2021;RREO;3;Multas Administrativas, Contratuais e Judiciais;MultasEJurosDeMora;;;;;;;;;;;;;;;;;;
2021;RREO;3;OPERAÇÕES DE CRÉDITO;ReceitasDeOperacoesDeCredito;;;;;;;;;;;;;;;;;;
2021;RREO;3;OUTRAS DESPESAS CORRENTES;OutrasDespesasCorrentes;;;;;;;;;;;;;;;;;;
2021;RREO;3;OUTRAS DESPESAS CORRENTES;OutrasDespesasCorrentesIntra;;;;;;;;;;;;;;;;;;
2021;RREO;3;OUTRAS RECEITAS CORRENTES;OutrasReceitasCorrentes;;;;;;;;;;;;;;;;;;
2021;RREO;3;OUTRAS RECEITAS DE CAPITAL;OutrasReceitasDeCapitalIntra;;;;;;;;;;;;;;;;;;
2021;RREO;3;Operações de Crédito - Mercado Interno;OperacoesDeCreditoInternas;;;;;;;;;;;;;;;;;;
2021;RREO;3;Outros Serviços;OutrosServicos;;;;;;;;;;;;;;;;;;
2021;RREO;3;PESSOAL E ENCARGOS SOCIAIS;PessoalEEncargosSociais;;;;;;;;;;;;;;;;;;
2021;RREO;3;PESSOAL E ENCARGOS SOCIAIS;PessoalEEncargosSociaisIntra;;;;;;;;;;;;;;;;;;
2021;RREO;3;RECEITA DE SERVIÇOS;ReceitaDeServicos;;;;;;;;;;;;;;;;;;
2021;RREO;3;RECEITA PATRIMONIAL;ReceitaPatrimonial;;;;;;;;;;;;;;;;;;
2021;RREO;3;RECEITAS (EXCETO INTRA-ORÇAMENTÁRIAS) (I);ReceitasExcetoIntraOrcamentarias;;;;;;;;;;;;;;;;;;
2021;RREO;3;RECEITAS (INTRA-ORÇAMENTÁRIAS) (II);ReceitasIntraOrcamentarias;;;;;;;;;;;;;;;;;;
2021;RREO;3;RECEITAS (INTRA-ORÇAMENTÁRIAS) (II);ReceitasIntraOrcamentariasTotal;;;;;;;;;;;;;;;;;;
2021;RREO;3;RECEITAS CORRENTES;ReceitasCorrentes;;;;;;;;;;;;;;;;;;
2021;RREO;3;RECEITAS CORRENTES;ReceitasCorrentesIntra;;;;;;;;;;;;;;;;;;
2021;RREO;3;RECEITAS DE CAPITAL;ReceitasDeCapital;;;;;;;;;;;;;;;;;;
2021;RREO;3;RECEITAS DE CAPITAL;ReceitasDeCapitalIntra;;;;;;;;;;;;;;;;;;
2021;RREO;3;RESERVA DE CONTINGÊNCIA;ReservaDeContingencia;;;;;;;;;;;;;;;;;;
2021;RREO;3;RESERVA DO RPPS;ReservaDoRPPS;;;;;;;;;;;;;;;;;;
2021;RREO;3;SALDOS DE EXERCÍCIOS ANTERIORES;SaldoDeExerciciosAnterioresUtilizadosParaCreditosAdicionais;;;;;;;;;;;;;;;;;;
2021;RREO;3;SUBTOTAL DAS DESPESAS (X) = (VIII + IX);SubtotalDasDespesas;;;;;;;;;;;;;;;;;;
2021;RREO;3;SUBTOTAL DAS RECEITAS (III) = (I + II);SubtotalDasReceitas;;;;;;;;;;;;;;;;;;
2021;RREO;3;SUPERÁVIT (XIII);Superavit;;;;;;;;;;;;;;;;;;
2021;RREO;3;Serviços Administrativos e Comerciais Gerais;ServicosAdministrativosEComerciaisGerais;;;;;;;;;;;;;;;;;;
2021;RREO;3;Serviços e Atividades Referentes à Navegação e ao Transporte;ServicosEAtividadesReferentesANavegacaoEAoTransporte;;;;;;;;;;;;;;;;;;
2021;RREO;3;Superávit Financeiro Utilizado para Créditos Adicionais;SuperavitFinanceiro;;;;;;;;;;;;;;;;;;
2021;RREO;3;TOTAL COM DÉFICIT (VII) = (V + VI);TotalReceitasComDeficit;;;;;;;;;;;;;;;;;;
2021;RREO;3;TOTAL COM SUPERÁVIT (XIV) = (XII + XIII);TotalDespesasComSuperavit;;;;;;;;;;;;;;;;;;
2021;RREO;3;TOTAL DAS DESPESAS (XII) = (X + XI);TotalDespesas;;;;;;;;;;;;;;;;;;
2021;RREO;3;TOTAL DAS RECEITAS (V) = (III + IV);TotalReceitas;;;;;;;;;;;;;;;;;;
2021;RREO;3;TRANSFERÊNCIAS CORRENTES;TransferenciasCorrentes;;;;;;;;;;;;;;;;;;
2021;RREO;3;TRANSFERÊNCIAS DE CAPITAL;TransferenciasDeCapital;;;;;;;;;;;;;;;;;;
2021;RREO;3;Taxas;Taxas;;;;;;;;;;;;;;;;;;
2021;RREO;3;Transferências da União e de suas Entidades;TransferenciasCorrentesDaUniaoEDeSuasEntidades;;;;;;;;;;;;;;;;;;
2021;RREO;3;Transferências da União e de suas Entidades;TransferenciasDeCapitalDaUniaoEDeSuasEntidades;;;;;;;;;;;;;;;;;;
2021;RREO;3;Transferências de Instituições Privadas;TransferenciasCorrentesDeInstituicoesPrivadas;;;;;;;;;;;;;;;;;;
2021;RREO;3;Transferências de Outras Instituições Públicas;TransferenciasCorrentesDeOutrasInstituicoesPublicas;;;;;;;;;;;;;;;;;;
2021;RREO;3;Transferências de Pessoas Físicas;TransferenciasDeCapitalDePessoas;;;;;;;;;;;;;;;;;;
2021;RREO;3;Transferências dos Estados e do Distrito Federal e de suas Entidades;TransferenciasCorrentesDosEstadosEDoDistritoFederalEDeSuasEntidades;;;;;;;;;;;;;;;;;;
2021;RREO;3;Transferências dos Municípios e de suas Entidades;TransferenciasCorrentesDosMunicipiosEDeSuasEntidades;;;;;;;;;;;;;;;;;;
2021;RREO;3;Transferências dos Municípios e de suas Entidades;TransferenciasdeCapitalDosMunicipiosEDeSuasEntidades;;;;;;;;;;;;;;;;;;
2021;RREO;3;Valores Mobiliários;ReceitasDeValoresMobiliarios;;;;;;;;;;;;;;;;;;
2021;RREO;4;ALIENAÇÃO DE BENS;AlienacaoDeBens;;;;;;;;;;;;;;;;;;
2021;RREO;4;AMORTIZAÇÃO DA DÍVIDA;AmortizacaoDaDivida;;;;;;;;;;;;;;;;;;
2021;RREO;4;Alienação de Bens Móveis;AlienacaoDeBensMoveis;;;;;;;;;;;;;;;;;;
2021;RREO;4;CONTRIBUIÇÕES;ReceitaDeContribuicoes;;;;;;;;;;;;;;;;;;
2021;RREO;4;CONTRIBUIÇÕES;ReceitaDeContribuicoesIntra;;;;;;;;;;;;;;;;;;
2021;RREO;4;Cessão de Direitos;ReceitaDaCessaoDeDireitos;;;;;;;;;;;;;;;;;;
2021;RREO;4;Contribuições Sociais;ContribuicoesSociais;;;;;;;;;;;;;;;;;;
2021;RREO;4;Contribuições Sociais;ContribuicoesSociaisIntra;;;;;;;;;;;;;;;;;;
2021;RREO;4;DESPESAS (EXCETO INTRA-ORÇAMENTÁRIAS) (VIII);DespesasExcetoIntraOrcamentarias;;;;;;;;;;;;;;;;;;
2021;RREO;4;DESPESAS (INTRA-ORÇAMENTÁRIAS) (IX);DespesasIntraOrcamentarias;;;;;;;;;;;;;;;;;;
2021;RREO;4;DESPESAS (INTRA-ORÇAMENTÁRIAS) (IX);DespesasIntraOrcamentariasTotal;;;;;;;;;;;;;;;;;;
2021;RREO;4;DESPESAS CORRENTES;DespesasCorrentes;;;;;;;;;;;;;;;;;;
2021;RREO;4;DESPESAS CORRENTES;DespesasCorrentesIntra;;;;;;;;;;;;;;;;;;
2021;RREO;4;DESPESAS DE CAPITAL;DespesasDeCapital;;;;;;;;;;;;;;;;;;
2021;RREO;4;DESPESAS DE CAPITAL;DespesasDeCapitalIntra;;;;;;;;;;;;;;;;;;
2021;RREO;4;Demais Despesas Correntes;DemaisDespesasCorrentes;;;;;;;;;;;;;;;;;;
2021;RREO;4;Demais Receitas Correntes;ReceitasCorrentesDiversas;;;;;;;;;;;;;;;;;;
2021;RREO;4;Demais Receitas Patrimoniais;OutrasReceitasPatrimoniais;;;;;;;;;;;;;;;;;;
2021;RREO;4;Demais Receitas de Capital;RREO1OutrasReceitasDeCapitalIntra;;;;;;;;;;;;;;;;;;
2021;RREO;4;Exploração do Patrimônio Imobiliário do Estado;ReceitasImobiliarias;;;;;;;;;;;;;;;;;;
2021;RREO;4;IMPOSTOS, TAXAS E CONTRIBUIÇÕES DE MELHORIA;ReceitaTributaria;;;;;;;;;;;;;;;;;;
2021;RREO;4;INVERSÕES FINANCEIRAS;InversoesFinanceiras;;;;;;;;;;;;;;;;;;
2021;RREO;4;INVERSÕES FINANCEIRAS;InversoesFinanceirasIntra;;;;;;;;;;;;;;;;;;
2021;RREO;4;INVESTIMENTOS;Investimentos;;;;;;;;;;;;;;;;;;
2021;RREO;4;INVESTIMENTOS;InvestimentosIntra;;;;;;;;;;;;;;;;;;
2021;RREO;4;Impostos;Impostos;;;;;;;;;;;;;;;;;;
2021;RREO;4;Indenizações, Restituições e Ressarcimentos;IndenizacoesERestituicoes;;;;;;;;;;;;;;;;;;
2021;RREO;4;JUROS E ENCARGOS DA DÍVIDA;JurosEEncargosDaDivida;;;;;;;;;;;;;;;;;;
2021;RREO;4;Multas Administrativas, Contratuais e Judiciais;MultasEJurosDeMora;;;;;;;;;;;;;;;;;;
2021;RREO;4;OPERAÇÕES DE CRÉDITO;ReceitasDeOperacoesDeCredito;;;;;;;;;;;;;;;;;;
2021;RREO;4;OUTRAS DESPESAS CORRENTES;OutrasDespesasCorrentes;;;;;;;;;;;;;;;;;;
2021;RREO;4;OUTRAS DESPESAS CORRENTES;OutrasDespesasCorrentesIntra;;;;;;;;;;;;;;;;;;
2021;RREO;4;OUTRAS RECEITAS CORRENTES;OutrasReceitasCorrentes;;;;;;;;;;;;;;;;;;
2021;RREO;4;OUTRAS RECEITAS DE CAPITAL;OutrasReceitasDeCapitalIntra;;;;;;;;;;;;;;;;;;
2021;RREO;4;Operações de Crédito - Mercado Interno;OperacoesDeCreditoInternas;;;;;;;;;;;;;;;;;;
2021;RREO;4;Outros Serviços;OutrosServicos;;;;;;;;;;;;;;;;;;
2021;RREO;4;PESSOAL E ENCARGOS SOCIAIS;PessoalEEncargosSociais;;;;;;;;;;;;;;;;;;
2021;RREO;4;PESSOAL E ENCARGOS SOCIAIS;PessoalEEncargosSociaisIntra;;;;;;;;;;;;;;;;;;
2021;RREO;4;RECEITA DE SERVIÇOS;ReceitaDeServicos;;;;;;;;;;;;;;;;;;
2021;RREO;4;RECEITA PATRIMONIAL;ReceitaPatrimonial;;;;;;;;;;;;;;;;;;
2021;RREO;4;RECEITAS (EXCETO INTRA-ORÇAMENTÁRIAS) (I);ReceitasExcetoIntraOrcamentarias;;;;;;;;;;;;;;;;;;
2021;RREO;4;RECEITAS (INTRA-ORÇAMENTÁRIAS) (II);ReceitasIntraOrcamentarias;;;;;;;;;;;;;;;;;;
2021;RREO;4;RECEITAS (INTRA-ORÇAMENTÁRIAS) (II);ReceitasIntraOrcamentariasTotal;;;;;;;;;;;;;;;;;;
2021;RREO;4;RECEITAS CORRENTES;ReceitasCorrentes;;;;;;;;;;;;;;;;;;
2021;RREO;4;RECEITAS CORRENTES;ReceitasCorrentesIntra;;;;;;;;;;;;;;;;;;
2021;RREO;4;RECEITAS DE CAPITAL;ReceitasDeCapital;;;;;;;;;;;;;;;;;;
2021;RREO;4;RECEITAS DE CAPITAL;ReceitasDeCapitalIntra;;;;;;;;;;;;;;;;;;
2021;RREO;4;RESERVA DE CONTINGÊNCIA;ReservaDeContingencia;;;;;;;;;;;;;;;;;;
2021;RREO;4;RESERVA DO RPPS;ReservaDoRPPS;;;;;;;;;;;;;;;;;;
2021;RREO;4;SALDOS DE EXERCÍCIOS ANTERIORES;SaldoDeExerciciosAnterioresUtilizadosParaCreditosAdicionais;;;;;;;;;;;;;;;;;;
2021;RREO;4;SUBTOTAL DAS DESPESAS (X) = (VIII + IX);SubtotalDasDespesas;;;;;;;;;;;;;;;;;;
2021;RREO;4;SUBTOTAL DAS RECEITAS (III) = (I + II);SubtotalDasReceitas;;;;;;;;;;;;;;;;;;
2021;RREO;4;SUPERÁVIT (XIII);Superavit;;;;;;;;;;;;;;;;;;
2021;RREO;4;Serviços Administrativos e Comerciais Gerais;ServicosAdministrativosEComerciaisGerais;;;;;;;;;;;;;;;;;;
2021;RREO;4;Serviços e Atividades Financeiras;ServicosEAtividadesFinanceiras;;;;;;;;;;;;;;;;;;
2021;RREO;4;Serviços e Atividades Referentes à Navegação e ao Transporte;ServicosEAtividadesReferentesANavegacaoEAoTransporte;;;;;;;;;;;;;;;;;;
2021;RREO;4;Superávit Financeiro Utilizado para Créditos Adicionais;SuperavitFinanceiro;;;;;;;;;;;;;;;;;;
2021;RREO;4;TOTAL COM DÉFICIT (VII) = (V + VI);TotalReceitasComDeficit;;;;;;;;;;;;;;;;;;
2021;RREO;4;TOTAL COM SUPERÁVIT (XIV) = (XII + XIII);TotalDespesasComSuperavit;;;;;;;;;;;;;;;;;;
2021;RREO;4;TOTAL DAS DESPESAS (XII) = (X + XI);TotalDespesas;;;;;;;;;;;;;;;;;;
2021;RREO;4;TOTAL DAS RECEITAS (V) = (III + IV);TotalReceitas;;;;;;;;;;;;;;;;;;
2021;RREO;4;TRANSFERÊNCIAS CORRENTES;TransferenciasCorrentes;;;;;;;;;;;;;;;;;;
2021;RREO;4;TRANSFERÊNCIAS DE CAPITAL;TransferenciasDeCapital;;;;;;;;;;;;;;;;;;
2021;RREO;4;Taxas;Taxas;;;;;;;;;;;;;;;;;;
2021;RREO;4;Transferências da União e de suas Entidades;TransferenciasCorrentesDaUniaoEDeSuasEntidades;;;;;;;;;;;;;;;;;;
2021;RREO;4;Transferências da União e de suas Entidades;TransferenciasDeCapitalDaUniaoEDeSuasEntidades;;;;;;;;;;;;;;;;;;
2021;RREO;4;Transferências de Instituições Privadas;TransferenciasCorrentesDeInstituicoesPrivadas;;;;;;;;;;;;;;;;;;
2021;RREO;4;Transferências de Outras Instituições Públicas;TransferenciasCorrentesDeOutrasInstituicoesPublicas;;;;;;;;;;;;;;;;;;
2021;RREO;4;Transferências de Pessoas Físicas;TransferenciasDeCapitalDePessoas;;;;;;;;;;;;;;;;;;
2021;RREO;4;Transferências dos Estados e do Distrito Federal e de suas Entidades;TransferenciasCorrentesDosEstadosEDoDistritoFederalEDeSuasEntidades;;;;;;;;;;;;;;;;;;
2021;RREO;4;Transferências dos Municípios e de suas Entidades;TransferenciasCorrentesDosMunicipiosEDeSuasEntidades;;;;;;;;;;;;;;;;;;
2021;RREO;4;Transferências dos Municípios e de suas Entidades;TransferenciasdeCapitalDosMunicipiosEDeSuasEntidades;;;;;;;;;;;;;;;;;;
2021;RREO;4;Valores Mobiliários;ReceitasDeValoresMobiliarios;;;;;;;;;;;;;;;;;;
2021;RREO;5;ALIENAÇÃO DE BENS;AlienacaoDeBens;;;;;;;;;;;;;;;;;;
2021;RREO;5;ALIENAÇÃO DE BENS;AlienacaoDeBensIntra;;;;;;;;;;;;;;;;;;
2021;RREO;5;AMORTIZAÇÃO DA DÍVIDA;AmortizacaoDaDivida;;;;;;;;;;;;;;;;;;
2021;RREO;5;Alienação de Bens Imóveis;AlienacaoDeBensImoveisIntra;;;;;;;;;;;;;;;;;;
2021;RREO;5;Alienação de Bens Móveis;AlienacaoDeBensMoveis;;;;;;;;;;;;;;;;;;
2021;RREO;5;Bens, Direitos e Valores Incorporados ao Patrimônio Público;BensDireitosEValoresIncorporadosAoPatrimonioPublico;;;;;;;;;;;;;;;;;;
2021;RREO;5;CONTRIBUIÇÕES;ReceitaDeContribuicoes;;;;;;;;;;;;;;;;;;
2021;RREO;5;CONTRIBUIÇÕES;ReceitaDeContribuicoesIntra;;;;;;;;;;;;;;;;;;
2021;RREO;5;Cessão de Direitos;ReceitaDaCessaoDeDireitos;;;;;;;;;;;;;;;;;;
2021;RREO;5;Contribuições Sociais;ContribuicoesSociais;;;;;;;;;;;;;;;;;;
2021;RREO;5;Contribuições Sociais;ContribuicoesSociaisIntra;;;;;;;;;;;;;;;;;;
2021;RREO;5;DESPESAS (EXCETO INTRA-ORÇAMENTÁRIAS) (VIII);DespesasExcetoIntraOrcamentarias;;;;;;;;;;;;;;;;;;
2021;RREO;5;DESPESAS (INTRA-ORÇAMENTÁRIAS) (IX);DespesasIntraOrcamentarias;;;;;;;;;;;;;;;;;;
2021;RREO;5;DESPESAS (INTRA-ORÇAMENTÁRIAS) (IX);DespesasIntraOrcamentariasTotal;;;;;;;;;;;;;;;;;;
2021;RREO;5;DESPESAS CORRENTES;DespesasCorrentes;;;;;;;;;;;;;;;;;;
2021;RREO;5;DESPESAS CORRENTES;DespesasCorrentesIntra;;;;;;;;;;;;;;;;;;
2021;RREO;5;DESPESAS DE CAPITAL;DespesasDeCapital;;;;;;;;;;;;;;;;;;
2021;RREO;5;DESPESAS DE CAPITAL;DespesasDeCapitalIntra;;;;;;;;;;;;;;;;;;
2021;RREO;5;Demais Despesas Correntes;DemaisDespesasCorrentes;;;;;;;;;;;;;;;;;;
2021;RREO;5;Demais Receitas Correntes;ReceitasCorrentesDiversas;;;;;;;;;;;;;;;;;;
2021;RREO;5;Demais Receitas Correntes;ReceitasCorrentesDiversasIntra;;;;;;;;;;;;;;;;;;
2021;RREO;5;Demais Receitas Patrimoniais;OutrasReceitasPatrimoniais;;;;;;;;;;;;;;;;;;
2021;RREO;5;Demais Receitas de Capital;RREO1OutrasReceitasDeCapitalIntra;;;;;;;;;;;;;;;;;;
2021;RREO;5;Exploração do Patrimônio Imobiliário do Estado;ReceitasImobiliarias;;;;;;;;;;;;;;;;;;
2021;RREO;5;IMPOSTOS, TAXAS E CONTRIBUIÇÕES DE MELHORIA;ReceitaTributaria;;;;;;;;;;;;;;;;;;
2021;RREO;5;INVERSÕES FINANCEIRAS;InversoesFinanceiras;;;;;;;;;;;;;;;;;;
2021;RREO;5;INVERSÕES FINANCEIRAS;InversoesFinanceirasIntra;;;;;;;;;;;;;;;;;;
2021;RREO;5;INVESTIMENTOS;Investimentos;;;;;;;;;;;;;;;;;;
2021;RREO;5;INVESTIMENTOS;InvestimentosIntra;;;;;;;;;;;;;;;;;;
2021;RREO;5;Impostos;Impostos;;;;;;;;;;;;;;;;;;
2021;RREO;5;Indenizações, Restituições e Ressarcimentos;IndenizacoesERestituicoes;;;;;;;;;;;;;;;;;;
2021;RREO;5;JUROS E ENCARGOS DA DÍVIDA;JurosEEncargosDaDivida;;;;;;;;;;;;;;;;;;
2021;RREO;5;Multas Administrativas, Contratuais e Judiciais;MultasEJurosDeMora;;;;;;;;;;;;;;;;;;
2021;RREO;5;OPERAÇÕES DE CRÉDITO;ReceitasDeOperacoesDeCredito;;;;;;;;;;;;;;;;;;
2021;RREO;5;OUTRAS DESPESAS CORRENTES;OutrasDespesasCorrentes;;;;;;;;;;;;;;;;;;
2021;RREO;5;OUTRAS DESPESAS CORRENTES;OutrasDespesasCorrentesIntra;;;;;;;;;;;;;;;;;;
2021;RREO;5;OUTRAS RECEITAS CORRENTES;OutrasReceitasCorrentes;;;;;;;;;;;;;;;;;;
2021;RREO;5;OUTRAS RECEITAS CORRENTES;OutrasReceitasCorrentesIntra;;;;;;;;;;;;;;;;;;
2021;RREO;5;OUTRAS RECEITAS DE CAPITAL;OutrasReceitasDeCapitalIntra;;;;;;;;;;;;;;;;;;
2021;RREO;5;Operações de Crédito - Mercado Interno;OperacoesDeCreditoInternas;;;;;;;;;;;;;;;;;;
2021;RREO;5;Outros Serviços;OutrosServicos;;;;;;;;;;;;;;;;;;
2021;RREO;5;PESSOAL E ENCARGOS SOCIAIS;PessoalEEncargosSociais;;;;;;;;;;;;;;;;;;
2021;RREO;5;PESSOAL E ENCARGOS SOCIAIS;PessoalEEncargosSociaisIntra;;;;;;;;;;;;;;;;;;
2021;RREO;5;RECEITA DE SERVIÇOS;ReceitaDeServicos;;;;;;;;;;;;;;;;;;
2021;RREO;5;RECEITA PATRIMONIAL;ReceitaPatrimonial;;;;;;;;;;;;;;;;;;
2021;RREO;5;RECEITAS (EXCETO INTRA-ORÇAMENTÁRIAS) (I);ReceitasExcetoIntraOrcamentarias;;;;;;;;;;;;;;;;;;
2021;RREO;5;RECEITAS (INTRA-ORÇAMENTÁRIAS) (II);ReceitasIntraOrcamentarias;;;;;;;;;;;;;;;;;;
2021;RREO;5;RECEITAS (INTRA-ORÇAMENTÁRIAS) (II);ReceitasIntraOrcamentariasTotal;;;;;;;;;;;;;;;;;;
2021;RREO;5;RECEITAS CORRENTES;ReceitasCorrentes;;;;;;;;;;;;;;;;;;
2021;RREO;5;RECEITAS CORRENTES;ReceitasCorrentesIntra;;;;;;;;;;;;;;;;;;
2021;RREO;5;RECEITAS DE CAPITAL;ReceitasDeCapital;;;;;;;;;;;;;;;;;;
2021;RREO;5;RECEITAS DE CAPITAL;ReceitasDeCapitalIntra;;;;;;;;;;;;;;;;;;
2021;RREO;5;RESERVA DE CONTINGÊNCIA;ReservaDeContingencia;;;;;;;;;;;;;;;;;;
2021;RREO;5;RESERVA DO RPPS;ReservaDoRPPS;;;;;;;;;;;;;;;;;;
2021;RREO;5;SALDOS DE EXERCÍCIOS ANTERIORES;SaldoDeExerciciosAnterioresUtilizadosParaCreditosAdicionais;;;;;;;;;;;;;;;;;;
2021;RREO;5;SUBTOTAL DAS DESPESAS (X) = (VIII + IX);SubtotalDasDespesas;;;;;;;;;;;;;;;;;;
2021;RREO;5;SUBTOTAL DAS RECEITAS (III) = (I + II);SubtotalDasReceitas;;;;;;;;;;;;;;;;;;
2021;RREO;5;SUPERÁVIT (XIII);Superavit;;;;;;;;;;;;;;;;;;
2021;RREO;5;Serviços Administrativos e Comerciais Gerais;ServicosAdministrativosEComerciaisGerais;;;;;;;;;;;;;;;;;;
2021;RREO;5;Serviços e Atividades Financeiras;ServicosEAtividadesFinanceiras;;;;;;;;;;;;;;;;;;
2021;RREO;5;Serviços e Atividades Referentes à Navegação e ao Transporte;ServicosEAtividadesReferentesANavegacaoEAoTransporte;;;;;;;;;;;;;;;;;;
2021;RREO;5;Superávit Financeiro Utilizado para Créditos Adicionais;SuperavitFinanceiro;;;;;;;;;;;;;;;;;;
2021;RREO;5;TOTAL COM DÉFICIT (VII) = (V + VI);TotalReceitasComDeficit;;;;;;;;;;;;;;;;;;
2021;RREO;5;TOTAL COM SUPERÁVIT (XIV) = (XII + XIII);TotalDespesasComSuperavit;;;;;;;;;;;;;;;;;;
2021;RREO;5;TOTAL DAS DESPESAS (XII) = (X + XI);TotalDespesas;;;;;;;;;;;;;;;;;;
2021;RREO;5;TOTAL DAS RECEITAS (V) = (III + IV);TotalReceitas;;;;;;;;;;;;;;;;;;
2021;RREO;5;TRANSFERÊNCIAS CORRENTES;TransferenciasCorrentes;;;;;;;;;;;;;;;;;;
2021;RREO;5;TRANSFERÊNCIAS DE CAPITAL;TransferenciasDeCapital;;;;;;;;;;;;;;;;;;
2021;RREO;5;Taxas;Taxas;;;;;;;;;;;;;;;;;;
2021;RREO;5;Transferências da União e de suas Entidades;TransferenciasCorrentesDaUniaoEDeSuasEntidades;;;;;;;;;;;;;;;;;;
2021;RREO;5;Transferências da União e de suas Entidades;TransferenciasDeCapitalDaUniaoEDeSuasEntidades;;;;;;;;;;;;;;;;;;
2021;RREO;5;Transferências de Instituições Privadas;TransferenciasCorrentesDeInstituicoesPrivadas;;;;;;;;;;;;;;;;;;
2021;RREO;5;Transferências de Outras Instituições Públicas;TransferenciasCorrentesDeOutrasInstituicoesPublicas;;;;;;;;;;;;;;;;;;
2021;RREO;5;Transferências de Pessoas Físicas;TransferenciasDeCapitalDePessoas;;;;;;;;;;;;;;;;;;
2021;RREO;5;Transferências dos Estados e do Distrito Federal e de suas Entidades;TransferenciasCorrentesDosEstadosEDoDistritoFederalEDeSuasEntidades;;;;;;;;;;;;;;;;;;
2021;RREO;5;Transferências dos Municípios e de suas Entidades;TransferenciasCorrentesDosMunicipiosEDeSuasEntidades;;;;;;;;;;;;;;;;;;
2021;RREO;5;Transferências dos Municípios e de suas Entidades;TransferenciasdeCapitalDosMunicipiosEDeSuasEntidades;;;;;;;;;;;;;;;;;;
2021;RREO;5;Valores Mobiliários;ReceitasDeValoresMobiliarios;;;;;;;;;;;;;;;;;;
2021;RREO;6;ALIENAÇÃO DE BENS;AlienacaoDeBens;;;;;;;;;;;;;;;;;;
2021;RREO;6;ALIENAÇÃO DE BENS;AlienacaoDeBensIntra;;;;;;;;;;;;;;;;;;
2021;RREO;6;AMORTIZAÇÃO DA DÍVIDA;AmortizacaoDaDivida;;;;;;;;;;;;;;;;;;
2021;RREO;6;Alienação de Bens Imóveis;AlienacaoDeBensImoveisIntra;;;;;;;;;;;;;;;;;;
2021;RREO;6;Alienação de Bens Móveis;AlienacaoDeBensMoveis;;;;;;;;;;;;;;;;;;
2021;RREO;6;Bens, Direitos e Valores Incorporados ao Patrimônio Público;BensDireitosEValoresIncorporadosAoPatrimonioPublico;;;;;;;;;;;;;;;;;;
2021;RREO;6;CONTRIBUIÇÕES;ReceitaDeContribuicoes;;;;;;;;;;;;;;;;;;
2021;RREO;6;CONTRIBUIÇÕES;ReceitaDeContribuicoesIntra;;;;;;;;;;;;;;;;;;
2021;RREO;6;Cessão de Direitos;ReceitaDaCessaoDeDireitos;;;;;;;;;;;;;;;;;;
2021;RREO;6;Contribuições Sociais;ContribuicoesSociais;;;;;;;;;;;;;;;;;;
2021;RREO;6;Contribuições Sociais;ContribuicoesSociaisIntra;;;;;;;;;;;;;;;;;;
2021;RREO;6;DESPESAS (EXCETO INTRA-ORÇAMENTÁRIAS) (VIII);DespesasExcetoIntraOrcamentarias;;;;;;;;;;;;;;;;;;
2021;RREO;6;DESPESAS (INTRA-ORÇAMENTÁRIAS) (IX);DespesasIntraOrcamentarias;;;;;;;;;;;;;;;;;;
2021;RREO;6;DESPESAS (INTRA-ORÇAMENTÁRIAS) (IX);DespesasIntraOrcamentariasTotal;;;;;;;;;;;;;;;;;;
2021;RREO;6;DESPESAS CORRENTES;DespesasCorrentes;;;;;;;;;;;;;;;;;;
2021;RREO;6;DESPESAS CORRENTES;DespesasCorrentesIntra;;;;;;;;;;;;;;;;;;
2021;RREO;6;DESPESAS DE CAPITAL;DespesasDeCapital;;;;;;;;;;;;;;;;;;
2021;RREO;6;DESPESAS DE CAPITAL;DespesasDeCapitalIntra;;;;;;;;;;;;;;;;;;
2021;RREO;6;Demais Despesas Correntes;DemaisDespesasCorrentes;;;;;;;;;;;;;;;;;;
2021;RREO;6;Demais Receitas Correntes;ReceitasCorrentesDiversas;;;;;;;;;;;;;;;;;;
2021;RREO;6;Demais Receitas Correntes;ReceitasCorrentesDiversasIntra;;;;;;;;;;;;;;;;;;
2021;RREO;6;Demais Receitas Patrimoniais;OutrasReceitasPatrimoniais;;;;;;;;;;;;;;;;;;
2021;RREO;6;Demais Receitas de Capital;RREO1OutrasReceitasDeCapitalIntra;;;;;;;;;;;;;;;;;;
2021;RREO;6;Exploração do Patrimônio Imobiliário do Estado;ReceitasImobiliarias;;;;;;;;;;;;;;;;;;
2021;RREO;6;IMPOSTOS, TAXAS E CONTRIBUIÇÕES DE MELHORIA;ReceitaTributaria;;;;;;;;;;;;;;;;;;
2021;RREO;6;INVERSÕES FINANCEIRAS;InversoesFinanceiras;;;;;;;;;;;;;;;;;;
2021;RREO;6;INVERSÕES FINANCEIRAS;InversoesFinanceirasIntra;;;;;;;;;;;;;;;;;;
2021;RREO;6;INVESTIMENTOS;Investimentos;;;;;;;;;;;;;;;;;;
2021;RREO;6;INVESTIMENTOS;InvestimentosIntra;;;;;;;;;;;;;;;;;;
2021;RREO;6;Impostos;Impostos;;;;;;;;;;;;;;;;;;
2021;RREO;6;Indenizações, Restituições e Ressarcimentos;IndenizacoesERestituicoes;;;;;;;;;;;;;;;;;;
2021;RREO;6;JUROS E ENCARGOS DA DÍVIDA;JurosEEncargosDaDivida;;;;;;;;;;;;;;;;;;
2021;RREO;6;Multas Administrativas, Contratuais e Judiciais;MultasEJurosDeMora;;;;;;;;;;;;;;;;;;
2021;RREO;6;OPERAÇÕES DE CRÉDITO;ReceitasDeOperacoesDeCredito;;;;;;;;;;;;;;;;;;
2021;RREO;6;OUTRAS DESPESAS CORRENTES;OutrasDespesasCorrentes;;;;;;;;;;;;;;;;;;
2021;RREO;6;OUTRAS DESPESAS CORRENTES;OutrasDespesasCorrentesIntra;;;;;;;;;;;;;;;;;;
2021;RREO;6;OUTRAS RECEITAS CORRENTES;OutrasReceitasCorrentes;;;;;;;;;;;;;;;;;;
2021;RREO;6;OUTRAS RECEITAS CORRENTES;OutrasReceitasCorrentesIntra;;;;;;;;;;;;;;;;;;
2021;RREO;6;OUTRAS RECEITAS DE CAPITAL;OutrasReceitasDeCapitalIntra;;;;;;;;;;;;;;;;;;
2021;RREO;6;Operações de Crédito - Mercado Interno;OperacoesDeCreditoInternas;;;;;;;;;;;;;;;;;;
2021;RREO;6;Outros Serviços;OutrosServicos;;;;;;;;;;;;;;;;;;
2021;RREO;6;PESSOAL E ENCARGOS SOCIAIS;PessoalEEncargosSociais;;;;;;;;;;;;;;;;;;
2021;RREO;6;PESSOAL E ENCARGOS SOCIAIS;PessoalEEncargosSociaisIntra;;;;;;;;;;;;;;;;;;
2021;RREO;6;RECEITA DE SERVIÇOS;ReceitaDeServicos;;;;;;;;;;;;;;;;;;
2021;RREO;6;RECEITA PATRIMONIAL;ReceitaPatrimonial;;;;;;;;;;;;;;;;;;
2021;RREO;6;RECEITAS (EXCETO INTRA-ORÇAMENTÁRIAS) (I);ReceitasExcetoIntraOrcamentarias;;;;;;;;;;;;;;;;;;
2021;RREO;6;RECEITAS (INTRA-ORÇAMENTÁRIAS) (II);ReceitasIntraOrcamentarias;;;;;;;;;;;;;;;;;;
2021;RREO;6;RECEITAS (INTRA-ORÇAMENTÁRIAS) (II);ReceitasIntraOrcamentariasTotal;;;;;;;;;;;;;;;;;;
2021;RREO;6;RECEITAS CORRENTES;ReceitasCorrentes;;;;;;;;;;;;;;;;;;
2021;RREO;6;RECEITAS CORRENTES;ReceitasCorrentesIntra;;;;;;;;;;;;;;;;;;
2021;RREO;6;RECEITAS DE CAPITAL;ReceitasDeCapital;;;;;;;;;;;;;;;;;;
2021;RREO;6;RECEITAS DE CAPITAL;ReceitasDeCapitalIntra;;;;;;;;;;;;;;;;;;
2021;RREO;6;RESERVA DE CONTINGÊNCIA;ReservaDeContingencia;;;;;;;;;;;;;;;;;;
2021;RREO;6;RESERVA DO RPPS;ReservaDoRPPS;;;;;;;;;;;;;;;;;;
2021;RREO;6;SALDOS DE EXERCÍCIOS ANTERIORES;SaldoDeExerciciosAnterioresUtilizadosParaCreditosAdicionais;;;;;;;;;;;;;;;;;;
2021;RREO;6;SUBTOTAL DAS DESPESAS (X) = (VIII + IX);SubtotalDasDespesas;;;;;;;;;;;;;;;;;;
2021;RREO;6;SUBTOTAL DAS RECEITAS (III) = (I + II);SubtotalDasReceitas;;;;;;;;;;;;;;;;;;
2021;RREO;6;SUPERÁVIT (XIII);Superavit;;;;;;;;;;;;;;;;;;
2021;RREO;6;Serviços Administrativos e Comerciais Gerais;ServicosAdministrativosEComerciaisGerais;;;;;;;;;;;;;;;;;;
2021;RREO;6;Serviços e Atividades Financeiras;ServicosEAtividadesFinanceiras;;;;;;;;;;;;;;;;;;
2021;RREO;6;Serviços e Atividades Referentes à Navegação e ao Transporte;ServicosEAtividadesReferentesANavegacaoEAoTransporte;;;;;;;;;;;;;;;;;;
2021;RREO;6;Superávit Financeiro Utilizado para Créditos Adicionais;SuperavitFinanceiro;;;;;;;;;;;;;;;;;;
2021;RREO;6;TOTAL COM DÉFICIT (VII) = (V + VI);TotalReceitasComDeficit;;;;;;;;;;;;;;;;;;
2021;RREO;6;TOTAL COM SUPERÁVIT (XIV) = (XII + XIII);TotalDespesasComSuperavit;;;;;;;;;;;;;;;;;;
2021;RREO;6;TOTAL DAS DESPESAS (XII) = (X + XI);TotalDespesas;;;;;;;;;;;;;;;;;;
2021;RREO;6;TOTAL DAS RECEITAS (V) = (III + IV);TotalReceitas;;;;;;;;;;;;;;;;;;
2021;RREO;6;TRANSFERÊNCIAS CORRENTES;TransferenciasCorrentes;;;;;;;;;;;;;;;;;;
2021;RREO;6;TRANSFERÊNCIAS DE CAPITAL;TransferenciasDeCapital;;;;;;;;;;;;;;;;;;
2021;RREO;6;Taxas;Taxas;;;;;;;;;;;;;;;;;;
2021;RREO;6;Transferências da União e de suas Entidades;TransferenciasCorrentesDaUniaoEDeSuasEntidades;;;;;;;;;;;;;;;;;;
2021;RREO;6;Transferências da União e de suas Entidades;TransferenciasDeCapitalDaUniaoEDeSuasEntidades;;;;;;;;;;;;;;;;;;
2021;RREO;6;Transferências de Instituições Privadas;TransferenciasCorrentesDeInstituicoesPrivadas;;;;;;;;;;;;;;;;;;
2021;RREO;6;Transferências de Outras Instituições Públicas;TransferenciasCorrentesDeOutrasInstituicoesPublicas;;;;;;;;;;;;;;;;;;
2021;RREO;6;Transferências de Pessoas Físicas;TransferenciasDeCapitalDePessoas;;;;;;;;;;;;;;;;;;
2021;RREO;6;Transferências dos Estados e do Distrito Federal e de suas Entidades;TransferenciasCorrentesDosEstadosEDoDistritoFederalEDeSuasEntidades;;;;;;;;;;;;;;;;;;
2021;RREO;6;Transferências dos Municípios e de suas Entidades;TransferenciasCorrentesDosMunicipiosEDeSuasEntidades;;;;;;;;;;;;;;;;;;
2021;RREO;6;Transferências dos Municípios e de suas Entidades;TransferenciasdeCapitalDosMunicipiosEDeSuasEntidades;;;;;;;;;;;;;;;;;;
2021;RREO;6;Valores Mobiliários;ReceitasDeValoresMobiliarios;;;;;;;;;;;;;;;;;;
2022;RREO;1;ALIENAÇÃO DE BENS;AlienacaoDeBens;;;;;;;;;;;;;;;;;;
2022;RREO;1;AMORTIZAÇÃO DA DÍVIDA;AmortizacaoDaDivida;;;;;;;;;;;;;;;;;;
2022;RREO;1;AMORTIZAÇÃO DA DÍVIDA / REFINANCIAMENTO (XI);AmortizacaoRefinanciamentoDaDivida;;;;;;;;;;;;;;;;;;
2022;RREO;1;Alienação de Bens Móveis;AlienacaoDeBensMoveis;;;;;;;;;;;;;;;;;;
2022;RREO;1;Amortização da Dívida Interna;AmortizacaoRefinanciamentoDaDividaInterna;;;;;;;;;;;;;;;;;;
2022;RREO;1;CONTRIBUIÇÕES;ReceitaDeContribuicoes;;;;;;;;;;;;;;;;;;
2022;RREO;1;CONTRIBUIÇÕES;ReceitaDeContribuicoesIntra;;;;;;;;;;;;;;;;;;
2022;RREO;1;Cessão de Direitos;ReceitaDaCessaoDeDireitos;;;;;;;;;;;;;;;;;;
2022;RREO;1;Contribuições Sociais;ContribuicoesSociais;;;;;;;;;;;;;;;;;;
2022;RREO;1;Contribuições Sociais;ContribuicoesSociaisIntra;;;;;;;;;;;;;;;;;;
2022;RREO;1;DESPESAS (EXCETO INTRA-ORÇAMENTÁRIAS) (VIII);DespesasExcetoIntraOrcamentarias;;;;;;;;;;;;;;;;;;
2022;RREO;1;DESPESAS (INTRA-ORÇAMENTÁRIAS) (IX);DespesasIntraOrcamentarias;;;;;;;;;;;;;;;;;;
2022;RREO;1;DESPESAS (INTRA-ORÇAMENTÁRIAS) (IX);DespesasIntraOrcamentariasTotal;;;;;;;;;;;;;;;;;;
2022;RREO;1;DESPESAS CORRENTES;DespesasCorrentes;;;;;;;;;;;;;;;;;;
2022;RREO;1;DESPESAS CORRENTES;DespesasCorrentesIntra;;;;;;;;;;;;;;;;;;
2022;RREO;1;DESPESAS DE CAPITAL;DespesasDeCapital;;;;;;;;;;;;;;;;;;
2022;RREO;1;DESPESAS DE CAPITAL;DespesasDeCapitalIntra;;;;;;;;;;;;;;;;;;
2022;RREO;1;Demais Despesas Correntes;DemaisDespesasCorrentes;;;;;;;;;;;;;;;;;;
2022;RREO;1;Demais Receitas Correntes;ReceitasCorrentesDiversas;;;;;;;;;;;;;;;;;;
2022;RREO;1;Demais Receitas Patrimoniais;OutrasReceitasPatrimoniais;;;;;;;;;;;;;;;;;;
2022;RREO;1;Demais Receitas de Capital;RREO1OutrasReceitasDeCapitalIntra;;;;;;;;;;;;;;;;;;
2022;RREO;1;Dívida Contratual;AmortizacaoRefinanciamentoDaDividaInternaContratual;;;;;;;;;;;;;;;;;;
2022;RREO;1;Exploração do Patrimônio Imobiliário do Estado;ReceitasImobiliarias;;;;;;;;;;;;;;;;;;
2022;RREO;1;IMPOSTOS, TAXAS E CONTRIBUIÇÕES DE MELHORIA;ReceitaTributaria;;;;;;;;;;;;;;;;;;
2022;RREO;1;INVERSÕES FINANCEIRAS;InversoesFinanceiras;;;;;;;;;;;;;;;;;;
2022;RREO;1;INVERSÕES FINANCEIRAS;InversoesFinanceirasIntra;;;;;;;;;;;;;;;;;;
2022;RREO;1;INVESTIMENTOS;Investimentos;;;;;;;;;;;;;;;;;;
2022;RREO;1;INVESTIMENTOS;InvestimentosIntra;;;;;;;;;;;;;;;;;;
2022;RREO;1;Impostos;Impostos;;;;;;;;;;;;;;;;;;
2022;RREO;1;Indenizações, Restituições e Ressarcimentos;IndenizacoesERestituicoes;;;;;;;;;;;;;;;;;;
2022;RREO;1;JUROS E ENCARGOS DA DÍVIDA;JurosEEncargosDaDivida;;;;;;;;;;;;;;;;;;
2022;RREO;1;Multas Administrativas, Contratuais e Judiciais;MultasEJurosDeMora;;;;;;;;;;;;;;;;;;
2022;RREO;1;OPERAÇÕES DE CRÉDITO;ReceitasDeOperacoesDeCredito;;;;;;;;;;;;;;;;;;
2022;RREO;1;OUTRAS DESPESAS CORRENTES;OutrasDespesasCorrentes;;;;;;;;;;;;;;;;;;
2022;RREO;1;OUTRAS DESPESAS CORRENTES;OutrasDespesasCorrentesIntra;;;;;;;;;;;;;;;;;;
2022;RREO;1;OUTRAS RECEITAS CORRENTES;OutrasReceitasCorrentes;;;;;;;;;;;;;;;;;;
2022;RREO;1;OUTRAS RECEITAS DE CAPITAL;OutrasReceitasDeCapitalIntra;;;;;;;;;;;;;;;;;;
2022;RREO;1;Operações de Crédito - Mercado Interno;OperacoesDeCreditoInternas;;;;;;;;;;;;;;;;;;
2022;RREO;1;Outros Serviços;OutrosServicos;;;;;;;;;;;;;;;;;;
2022;RREO;1;PESSOAL E ENCARGOS SOCIAIS;PessoalEEncargosSociais;;;;;;;;;;;;;;;;;;
2022;RREO;1;PESSOAL E ENCARGOS SOCIAIS;PessoalEEncargosSociaisIntra;;;;;;;;;;;;;;;;;;
2022;RREO;1;RECEITA DE SERVIÇOS;ReceitaDeServicos;;;;;;;;;;;;;;;;;;
2022;RREO;1;RECEITA PATRIMONIAL;ReceitaPatrimonial;;;;;;;;;;;;;;;;;;
2022;RREO;1;RECEITAS (EXCETO INTRA-ORÇAMENTÁRIAS) (I);ReceitasExcetoIntraOrcamentarias;;;;;;;;;;;;;;;;;;
2022;RREO;1;RECEITAS (INTRA-ORÇAMENTÁRIAS) (II);ReceitasIntraOrcamentarias;;;;;;;;;;;;;;;;;;
2022;RREO;1;RECEITAS (INTRA-ORÇAMENTÁRIAS) (II);ReceitasIntraOrcamentariasTotal;;;;;;;;;;;;;;;;;;
2022;RREO;1;RECEITAS CORRENTES;ReceitasCorrentes;;;;;;;;;;;;;;;;;;
2022;RREO;1;RECEITAS CORRENTES;ReceitasCorrentesIntra;;;;;;;;;;;;;;;;;;
2022;RREO;1;RECEITAS DE CAPITAL;ReceitasDeCapital;;;;;;;;;;;;;;;;;;
2022;RREO;1;RECEITAS DE CAPITAL;ReceitasDeCapitalIntra;;;;;;;;;;;;;;;;;;
2022;RREO;1;RESERVA DE CONTINGÊNCIA;ReservaDeContingencia;;;;;;;;;;;;;;;;;;
2022;RREO;1;Recursos Arrecadados em Exercícios Anteriores - RPPS;RecursosArrecadadosEmExerciciosAnteriores;;;;;;;;;;;;;;;;;;
2022;RREO;1;SALDOS DE EXERCÍCIOS ANTERIORES;SaldoDeExerciciosAnterioresUtilizadosParaCreditosAdicionais;;;;;;;;;;;;;;;;;;
2022;RREO;1;SUBTOTAL DAS DESPESAS (X) = (VIII + IX);SubtotalDasDespesas;;;;;;;;;;;;;;;;;;
2022;RREO;1;SUBTOTAL DAS RECEITAS (III) = (I + II);SubtotalDasReceitas;;;;;;;;;;;;;;;;;;
2022;RREO;1;SUPERÁVIT (XIII);Superavit;;;;;;;;;;;;;;;;;;
2022;RREO;1;Serviços Administrativos e Comerciais Gerais;ServicosAdministrativosEComerciaisGerais;;;;;;;;;;;;;;;;;;
2022;RREO;1;Serviços e Atividades Financeiras;ServicosEAtividadesFinanceiras;;;;;;;;;;;;;;;;;;
2022;RREO;1;Serviços e Atividades Referentes à Navegação e ao Transporte;ServicosEAtividadesReferentesANavegacaoEAoTransporte;;;;;;;;;;;;;;;;;;
2022;RREO;1;Superávit Financeiro Utilizado para Créditos Adicionais;SuperavitFinanceiro;;;;;;;;;;;;;;;;;;
2022;RREO;1;TOTAL COM DÉFICIT (VII) = (V + VI);TotalReceitasComDeficit;;;;;;;;;;;;;;;;;;
2022;RREO;1;TOTAL COM SUPERÁVIT (XIV) = (XII + XIII);TotalDespesasComSuperavit;;;;;;;;;;;;;;;;;;
2022;RREO;1;TOTAL DAS DESPESAS (XII) = (X + XI);TotalDespesas;;;;;;;;;;;;;;;;;;
2022;RREO;1;TOTAL DAS RECEITAS (V) = (III + IV);TotalReceitas;;;;;;;;;;;;;;;;;;
2022;RREO;1;TRANSFERÊNCIAS CORRENTES;TransferenciasCorrentes;;;;;;;;;;;;;;;;;;
2022;RREO;1;TRANSFERÊNCIAS DE CAPITAL;TransferenciasDeCapital;;;;;;;;;;;;;;;;;;
2022;RREO;1;Taxas;Taxas;;;;;;;;;;;;;;;;;;
2022;RREO;1;Transferências da União e de suas Entidades;TransferenciasCorrentesDaUniaoEDeSuasEntidades;;;;;;;;;;;;;;;;;;
2022;RREO;1;Transferências da União e de suas Entidades;TransferenciasDeCapitalDaUniaoEDeSuasEntidades;;;;;;;;;;;;;;;;;;
2022;RREO;1;Transferências de Instituições Privadas;TransferenciasCorrentesDeInstituicoesPrivadas;;;;;;;;;;;;;;;;;;
2022;RREO;1;Transferências de Outras Instituições Públicas;TransferenciasCorrentesDeOutrasInstituicoesPublicas;;;;;;;;;;;;;;;;;;
2022;RREO;1;Transferências de Pessoas Físicas;TransferenciasDeCapitalDePessoas;;;;;;;;;;;;;;;;;;
2022;RREO;1;Transferências dos Estados e do Distrito Federal e de suas Entidades;TransferenciasCorrentesDosEstadosEDoDistritoFederalEDeSuasEntidades;;;;;;;;;;;;;;;;;;
2022;RREO;1;Transferências dos Estados e do Distrito Federal e de suas Entidades;TransferenciasDeCapitalDosEstadosEDoDistritoFederalEDeSuasEntidades;;;;;;;;;;;;;;;;;;
2022;RREO;1;Transferências dos Municípios e de suas Entidades;TransferenciasCorrentesDosMunicipiosEDeSuasEntidades;;;;;;;;;;;;;;;;;;
2022;RREO;1;Valores Mobiliários;ReceitasDeValoresMobiliarios;;;;;;;;;;;;;;;;;;
2022;RREO;2;ALIENAÇÃO DE BENS;AlienacaoDeBens;;;;;;;;;;;;;;;;;;
2022;RREO;2;AMORTIZAÇÃO DA DÍVIDA;AmortizacaoDaDivida;;;;;;;;;;;;;;;;;;
2022;RREO;2;AMORTIZAÇÃO DA DÍVIDA / REFINANCIAMENTO (XI);AmortizacaoRefinanciamentoDaDivida;;;;;;;;;;;;;;;;;;
2022;RREO;2;Alienação de Bens Móveis;AlienacaoDeBensMoveis;;;;;;;;;;;;;;;;;;
2022;RREO;2;Amortização da Dívida Interna;AmortizacaoRefinanciamentoDaDividaInterna;;;;;;;;;;;;;;;;;;
2022;RREO;2;CONTRIBUIÇÕES;ReceitaDeContribuicoes;;;;;;;;;;;;;;;;;;
2022;RREO;2;CONTRIBUIÇÕES;ReceitaDeContribuicoesIntra;;;;;;;;;;;;;;;;;;
2022;RREO;2;Cessão de Direitos;ReceitaDaCessaoDeDireitos;;;;;;;;;;;;;;;;;;
2022;RREO;2;Contribuições Sociais;ContribuicoesSociais;;;;;;;;;;;;;;;;;;
2022;RREO;2;Contribuições Sociais;ContribuicoesSociaisIntra;;;;;;;;;;;;;;;;;;
2022;RREO;2;DESPESAS (EXCETO INTRA-ORÇAMENTÁRIAS) (VIII);DespesasExcetoIntraOrcamentarias;;;;;;;;;;;;;;;;;;
2022;RREO;2;DESPESAS (INTRA-ORÇAMENTÁRIAS) (IX);DespesasIntraOrcamentarias;;;;;;;;;;;;;;;;;;
2022;RREO;2;DESPESAS (INTRA-ORÇAMENTÁRIAS) (IX);DespesasIntraOrcamentariasTotal;;;;;;;;;;;;;;;;;;
2022;RREO;2;DESPESAS CORRENTES;DespesasCorrentes;;;;;;;;;;;;;;;;;;
2022;RREO;2;DESPESAS CORRENTES;DespesasCorrentesIntra;;;;;;;;;;;;;;;;;;
2022;RREO;2;DESPESAS DE CAPITAL;DespesasDeCapital;;;;;;;;;;;;;;;;;;
2022;RREO;2;DESPESAS DE CAPITAL;DespesasDeCapitalIntra;;;;;;;;;;;;;;;;;;
2022;RREO;2;Demais Despesas Correntes;DemaisDespesasCorrentes;;;;;;;;;;;;;;;;;;
2022;RREO;2;Demais Receitas Correntes;ReceitasCorrentesDiversas;;;;;;;;;;;;;;;;;;
2022;RREO;2;Demais Receitas Patrimoniais;OutrasReceitasPatrimoniais;;;;;;;;;;;;;;;;;;
2022;RREO;2;Demais Receitas de Capital;RREO1OutrasReceitasDeCapitalIntra;;;;;;;;;;;;;;;;;;
2022;RREO;2;Dívida Contratual;AmortizacaoRefinanciamentoDaDividaInternaContratual;;;;;;;;;;;;;;;;;;
2022;RREO;2;Exploração do Patrimônio Imobiliário do Estado;ReceitasImobiliarias;;;;;;;;;;;;;;;;;;
2022;RREO;2;IMPOSTOS, TAXAS E CONTRIBUIÇÕES DE MELHORIA;ReceitaTributaria;;;;;;;;;;;;;;;;;;
2022;RREO;2;INVERSÕES FINANCEIRAS;InversoesFinanceiras;;;;;;;;;;;;;;;;;;
2022;RREO;2;INVERSÕES FINANCEIRAS;InversoesFinanceirasIntra;;;;;;;;;;;;;;;;;;
2022;RREO;2;INVESTIMENTOS;Investimentos;;;;;;;;;;;;;;;;;;
2022;RREO;2;INVESTIMENTOS;InvestimentosIntra;;;;;;;;;;;;;;;;;;
2022;RREO;2;Impostos;Impostos;;;;;;;;;;;;;;;;;;
2022;RREO;2;Indenizações, Restituições e Ressarcimentos;IndenizacoesERestituicoes;;;;;;;;;;;;;;;;;;
2022;RREO;2;JUROS E ENCARGOS DA DÍVIDA;JurosEEncargosDaDivida;;;;;;;;;;;;;;;;;;
2022;RREO;2;Multas Administrativas, Contratuais e Judiciais;MultasEJurosDeMora;;;;;;;;;;;;;;;;;;
2022;RREO;2;OPERAÇÕES DE CRÉDITO;ReceitasDeOperacoesDeCredito;;;;;;;;;;;;;;;;;;
2022;RREO;2;OUTRAS DESPESAS CORRENTES;OutrasDespesasCorrentes;;;;;;;;;;;;;;;;;;
2022;RREO;2;OUTRAS DESPESAS CORRENTES;OutrasDespesasCorrentesIntra;;;;;;;;;;;;;;;;;;
2022;RREO;2;OUTRAS RECEITAS CORRENTES;OutrasReceitasCorrentes;;;;;;;;;;;;;;;;;;
2022;RREO;2;OUTRAS RECEITAS DE CAPITAL;OutrasReceitasDeCapitalIntra;;;;;;;;;;;;;;;;;;
2022;RREO;2;Operações de Crédito - Mercado Interno;OperacoesDeCreditoInternas;;;;;;;;;;;;;;;;;;
2022;RREO;2;Outros Serviços;OutrosServicos;;;;;;;;;;;;;;;;;;
2022;RREO;2;Outros Serviços;OutrosServicosIntra;;;;;;;;;;;;;;;;;;
2022;RREO;2;PESSOAL E ENCARGOS SOCIAIS;PessoalEEncargosSociais;;;;;;;;;;;;;;;;;;
2022;RREO;2;PESSOAL E ENCARGOS SOCIAIS;PessoalEEncargosSociaisIntra;;;;;;;;;;;;;;;;;;
2022;RREO;2;RECEITA DE SERVIÇOS;ReceitaDeServicos;;;;;;;;;;;;;;;;;;
2022;RREO;2;RECEITA DE SERVIÇOS;ReceitaDeServicosIntra;;;;;;;;;;;;;;;;;;
2022;RREO;2;RECEITA PATRIMONIAL;ReceitaPatrimonial;;;;;;;;;;;;;;;;;;
2022;RREO;2;RECEITAS (EXCETO INTRA-ORÇAMENTÁRIAS) (I);ReceitasExcetoIntraOrcamentarias;;;;;;;;;;;;;;;;;;
2022;RREO;2;RECEITAS (INTRA-ORÇAMENTÁRIAS) (II);ReceitasIntraOrcamentarias;;;;;;;;;;;;;;;;;;
2022;RREO;2;RECEITAS (INTRA-ORÇAMENTÁRIAS) (II);ReceitasIntraOrcamentariasTotal;;;;;;;;;;;;;;;;;;
2022;RREO;2;RECEITAS CORRENTES;ReceitasCorrentes;;;;;;;;;;;;;;;;;;
2022;RREO;2;RECEITAS CORRENTES;ReceitasCorrentesIntra;;;;;;;;;;;;;;;;;;
2022;RREO;2;RECEITAS DE CAPITAL;ReceitasDeCapital;;;;;;;;;;;;;;;;;;
2022;RREO;2;RECEITAS DE CAPITAL;ReceitasDeCapitalIntra;;;;;;;;;;;;;;;;;;
2022;RREO;2;RESERVA DE CONTINGÊNCIA;ReservaDeContingencia;;;;;;;;;;;;;;;;;;
2022;RREO;2;Recursos Arrecadados em Exercícios Anteriores - RPPS;RecursosArrecadadosEmExerciciosAnteriores;;;;;;;;;;;;;;;;;;
2022;RREO;2;SALDOS DE EXERCÍCIOS ANTERIORES;SaldoDeExerciciosAnterioresUtilizadosParaCreditosAdicionais;;;;;;;;;;;;;;;;;;
2022;RREO;2;SUBTOTAL DAS DESPESAS (X) = (VIII + IX);SubtotalDasDespesas;;;;;;;;;;;;;;;;;;
2022;RREO;2;SUBTOTAL DAS RECEITAS (III) = (I + II);SubtotalDasReceitas;;;;;;;;;;;;;;;;;;
2022;RREO;2;SUPERÁVIT (XIII);Superavit;;;;;;;;;;;;;;;;;;
2022;RREO;2;Serviços Administrativos e Comerciais Gerais;ServicosAdministrativosEComerciaisGerais;;;;;;;;;;;;;;;;;;
2022;RREO;2;Serviços e Atividades Financeiras;ServicosEAtividadesFinanceiras;;;;;;;;;;;;;;;;;;
2022;RREO;2;Serviços e Atividades Referentes à Navegação e ao Transporte;ServicosEAtividadesReferentesANavegacaoEAoTransporte;;;;;;;;;;;;;;;;;;
2022;RREO;2;Superávit Financeiro Utilizado para Créditos Adicionais;SuperavitFinanceiro;;;;;;;;;;;;;;;;;;
2022;RREO;2;TOTAL COM DÉFICIT (VII) = (V + VI);TotalReceitasComDeficit;;;;;;;;;;;;;;;;;;
2022;RREO;2;TOTAL COM SUPERÁVIT (XIV) = (XII + XIII);TotalDespesasComSuperavit;;;;;;;;;;;;;;;;;;
2022;RREO;2;TOTAL DAS DESPESAS (XII) = (X + XI);TotalDespesas;;;;;;;;;;;;;;;;;;
2022;RREO;2;TOTAL DAS RECEITAS (V) = (III + IV);TotalReceitas;;;;;;;;;;;;;;;;;;
2022;RREO;2;TRANSFERÊNCIAS CORRENTES;TransferenciasCorrentes;;;;;;;;;;;;;;;;;;
2022;RREO;2;TRANSFERÊNCIAS DE CAPITAL;TransferenciasDeCapital;;;;;;;;;;;;;;;;;;
2022;RREO;2;Taxas;Taxas;;;;;;;;;;;;;;;;;;
2022;RREO;2;Transferências da União e de suas Entidades;TransferenciasCorrentesDaUniaoEDeSuasEntidades;;;;;;;;;;;;;;;;;;
2022;RREO;2;Transferências da União e de suas Entidades;TransferenciasDeCapitalDaUniaoEDeSuasEntidades;;;;;;;;;;;;;;;;;;
2022;RREO;2;Transferências de Instituições Privadas;TransferenciasCorrentesDeInstituicoesPrivadas;;;;;;;;;;;;;;;;;;
2022;RREO;2;Transferências de Outras Instituições Públicas;TransferenciasCorrentesDeOutrasInstituicoesPublicas;;;;;;;;;;;;;;;;;;
2022;RREO;2;Transferências de Pessoas Físicas;TransferenciasDeCapitalDePessoas;;;;;;;;;;;;;;;;;;
2022;RREO;2;Transferências dos Estados e do Distrito Federal e de suas Entidades;TransferenciasCorrentesDosEstadosEDoDistritoFederalEDeSuasEntidades;;;;;;;;;;;;;;;;;;
2022;RREO;2;Transferências dos Estados e do Distrito Federal e de suas Entidades;TransferenciasDeCapitalDosEstadosEDoDistritoFederalEDeSuasEntidades;;;;;;;;;;;;;;;;;;
2022;RREO;2;Transferências dos Municípios e de suas Entidades;TransferenciasCorrentesDosMunicipiosEDeSuasEntidades;;;;;;;;;;;;;;;;;;
2022;RREO;2;Valores Mobiliários;ReceitasDeValoresMobiliarios;;;;;;;;;;;;;;;;;;
2022;RREO;3;ALIENAÇÃO DE BENS;AlienacaoDeBens;;;;;;;;;;;;;;;;;;
2022;RREO;3;AMORTIZAÇÃO DA DÍVIDA;AmortizacaoDaDivida;;;;;;;;;;;;;;;;;;
2022;RREO;3;AMORTIZAÇÃO DA DÍVIDA / REFINANCIAMENTO (XI);AmortizacaoRefinanciamentoDaDivida;;;;;;;;;;;;;;;;;;
2022;RREO;3;Alienação de Bens Móveis;AlienacaoDeBensMoveis;;;;;;;;;;;;;;;;;;
2022;RREO;3;Amortização da Dívida Interna;AmortizacaoRefinanciamentoDaDividaInterna;;;;;;;;;;;;;;;;;;
2022;RREO;3;CONTRIBUIÇÕES;ReceitaDeContribuicoes;;;;;;;;;;;;;;;;;;
2022;RREO;3;CONTRIBUIÇÕES;ReceitaDeContribuicoesIntra;;;;;;;;;;;;;;;;;;
2022;RREO;3;Cessão de Direitos;ReceitaDaCessaoDeDireitos;;;;;;;;;;;;;;;;;;
2022;RREO;3;Contribuições Sociais;ContribuicoesSociais;;;;;;;;;;;;;;;;;;
2022;RREO;3;Contribuições Sociais;ContribuicoesSociaisIntra;;;;;;;;;;;;;;;;;;
2022;RREO;3;DESPESAS (EXCETO INTRA-ORÇAMENTÁRIAS) (VIII);DespesasExcetoIntraOrcamentarias;;;;;;;;;;;;;;;;;;
2022;RREO;3;DESPESAS (INTRA-ORÇAMENTÁRIAS) (IX);DespesasIntraOrcamentarias;;;;;;;;;;;;;;;;;;
2022;RREO;3;DESPESAS (INTRA-ORÇAMENTÁRIAS) (IX);DespesasIntraOrcamentariasTotal;;;;;;;;;;;;;;;;;;
2022;RREO;3;DESPESAS CORRENTES;DespesasCorrentes;;;;;;;;;;;;;;;;;;
2022;RREO;3;DESPESAS CORRENTES;DespesasCorrentesIntra;;;;;;;;;;;;;;;;;;
2022;RREO;3;DESPESAS DE CAPITAL;DespesasDeCapital;;;;;;;;;;;;;;;;;;
2022;RREO;3;DESPESAS DE CAPITAL;DespesasDeCapitalIntra;;;;;;;;;;;;;;;;;;
2022;RREO;3;Demais Despesas Correntes;DemaisDespesasCorrentes;;;;;;;;;;;;;;;;;;
2022;RREO;3;Demais Receitas Correntes;ReceitasCorrentesDiversas;;;;;;;;;;;;;;;;;;
2022;RREO;3;Demais Receitas Patrimoniais;OutrasReceitasPatrimoniais;;;;;;;;;;;;;;;;;;
2022;RREO;3;Demais Receitas de Capital;RREO1OutrasReceitasDeCapitalIntra;;;;;;;;;;;;;;;;;;
2022;RREO;3;Dívida Contratual;AmortizacaoRefinanciamentoDaDividaInternaContratual;;;;;;;;;;;;;;;;;;
2022;RREO;3;Exploração do Patrimônio Imobiliário do Estado;ReceitasImobiliarias;;;;;;;;;;;;;;;;;;
2022;RREO;3;IMPOSTOS, TAXAS E CONTRIBUIÇÕES DE MELHORIA;ReceitaTributaria;;;;;;;;;;;;;;;;;;
2022;RREO;3;INVERSÕES FINANCEIRAS;InversoesFinanceiras;;;;;;;;;;;;;;;;;;
2022;RREO;3;INVERSÕES FINANCEIRAS;InversoesFinanceirasIntra;;;;;;;;;;;;;;;;;;
2022;RREO;3;INVESTIMENTOS;Investimentos;;;;;;;;;;;;;;;;;;
2022;RREO;3;INVESTIMENTOS;InvestimentosIntra;;;;;;;;;;;;;;;;;;
2022;RREO;3;Impostos;Impostos;;;;;;;;;;;;;;;;;;
2022;RREO;3;Indenizações, Restituições e Ressarcimentos;IndenizacoesERestituicoes;;;;;;;;;;;;;;;;;;
2022;RREO;3;JUROS E ENCARGOS DA DÍVIDA;JurosEEncargosDaDivida;;;;;;;;;;;;;;;;;;
2022;RREO;3;Multas Administrativas, Contratuais e Judiciais;MultasEJurosDeMora;;;;;;;;;;;;;;;;;;
2022;RREO;3;OPERAÇÕES DE CRÉDITO;ReceitasDeOperacoesDeCredito;;;;;;;;;;;;;;;;;;
2022;RREO;3;OUTRAS DESPESAS CORRENTES;OutrasDespesasCorrentes;;;;;;;;;;;;;;;;;;
2022;RREO;3;OUTRAS DESPESAS CORRENTES;OutrasDespesasCorrentesIntra;;;;;;;;;;;;;;;;;;
2022;RREO;3;OUTRAS RECEITAS CORRENTES;OutrasReceitasCorrentes;;;;;;;;;;;;;;;;;;
2022;RREO;3;OUTRAS RECEITAS DE CAPITAL;OutrasReceitasDeCapitalIntra;;;;;;;;;;;;;;;;;;
2022;RREO;3;Operações de Crédito - Mercado Interno;OperacoesDeCreditoInternas;;;;;;;;;;;;;;;;;;
2022;RREO;3;Outras Transferências;OutrasTransferenciasCorrentes;;;;;;;;;;;;;;;;;;
2022;RREO;3;Outros Serviços;OutrosServicos;;;;;;;;;;;;;;;;;;
2022;RREO;3;Outros Serviços;OutrosServicosIntra;;;;;;;;;;;;;;;;;;
2022;RREO;3;PESSOAL E ENCARGOS SOCIAIS;PessoalEEncargosSociais;;;;;;;;;;;;;;;;;;
2022;RREO;3;PESSOAL E ENCARGOS SOCIAIS;PessoalEEncargosSociaisIntra;;;;;;;;;;;;;;;;;;
2022;RREO;3;RECEITA DE SERVIÇOS;ReceitaDeServicos;;;;;;;;;;;;;;;;;;
2022;RREO;3;RECEITA DE SERVIÇOS;ReceitaDeServicosIntra;;;;;;;;;;;;;;;;;;
2022;RREO;3;RECEITA PATRIMONIAL;ReceitaPatrimonial;;;;;;;;;;;;;;;;;;
2022;RREO;3;RECEITAS (EXCETO INTRA-ORÇAMENTÁRIAS) (I);ReceitasExcetoIntraOrcamentarias;;;;;;;;;;;;;;;;;;
2022;RREO;3;RECEITAS (INTRA-ORÇAMENTÁRIAS) (II);ReceitasIntraOrcamentarias;;;;;;;;;;;;;;;;;;
2022;RREO;3;RECEITAS (INTRA-ORÇAMENTÁRIAS) (II);ReceitasIntraOrcamentariasTotal;;;;;;;;;;;;;;;;;;
2022;RREO;3;RECEITAS CORRENTES;ReceitasCorrentes;;;;;;;;;;;;;;;;;;
2022;RREO;3;RECEITAS CORRENTES;ReceitasCorrentesIntra;;;;;;;;;;;;;;;;;;
2022;RREO;3;RECEITAS DE CAPITAL;ReceitasDeCapital;;;;;;;;;;;;;;;;;;
2022;RREO;3;RECEITAS DE CAPITAL;ReceitasDeCapitalIntra;;;;;;;;;;;;;;;;;;
2022;RREO;3;RESERVA DE CONTINGÊNCIA;ReservaDeContingencia;;;;;;;;;;;;;;;;;;
2022;RREO;3;Recursos Arrecadados em Exercícios Anteriores - RPPS;RecursosArrecadadosEmExerciciosAnteriores;;;;;;;;;;;;;;;;;;
2022;RREO;3;SALDOS DE EXERCÍCIOS ANTERIORES;SaldoDeExerciciosAnterioresUtilizadosParaCreditosAdicionais;;;;;;;;;;;;;;;;;;
2022;RREO;3;SUBTOTAL DAS DESPESAS (X) = (VIII + IX);SubtotalDasDespesas;;;;;;;;;;;;;;;;;;
2022;RREO;3;SUBTOTAL DAS RECEITAS (III) = (I + II);SubtotalDasReceitas;;;;;;;;;;;;;;;;;;
2022;RREO;3;SUPERÁVIT (XIII);Superavit;;;;;;;;;;;;;;;;;;
2022;RREO;3;Serviços Administrativos e Comerciais Gerais;ServicosAdministrativosEComerciaisGerais;;;;;;;;;;;;;;;;;;
2022;RREO;3;Serviços e Atividades Financeiras;ServicosEAtividadesFinanceiras;;;;;;;;;;;;;;;;;;
2022;RREO;3;Serviços e Atividades Referentes à Navegação e ao Transporte;ServicosEAtividadesReferentesANavegacaoEAoTransporte;;;;;;;;;;;;;;;;;;
2022;RREO;3;Superávit Financeiro Utilizado para Créditos Adicionais;SuperavitFinanceiro;;;;;;;;;;;;;;;;;;
2022;RREO;3;TOTAL COM DÉFICIT (VII) = (V + VI);TotalReceitasComDeficit;;;;;;;;;;;;;;;;;;
2022;RREO;3;TOTAL COM SUPERÁVIT (XIV) = (XII + XIII);TotalDespesasComSuperavit;;;;;;;;;;;;;;;;;;
2022;RREO;3;TOTAL DAS DESPESAS (XII) = (X + XI);TotalDespesas;;;;;;;;;;;;;;;;;;
2022;RREO;3;TOTAL DAS RECEITAS (V) = (III + IV);TotalReceitas;;;;;;;;;;;;;;;;;;
2022;RREO;3;TRANSFERÊNCIAS CORRENTES;TransferenciasCorrentes;;;;;;;;;;;;;;;;;;
2022;RREO;3;TRANSFERÊNCIAS DE CAPITAL;TransferenciasDeCapital;;;;;;;;;;;;;;;;;;
2022;RREO;3;Taxas;Taxas;;;;;;;;;;;;;;;;;;
2022;RREO;3;Transferências Provenientes de Depósitos Não Identificados;TransferenciasDeCapitalProvenientesDeDepositosNaoIdentificados;;;;;;;;;;;;;;;;;;
2022;RREO;3;Transferências da União e de suas Entidades;TransferenciasCorrentesDaUniaoEDeSuasEntidades;;;;;;;;;;;;;;;;;;
2022;RREO;3;Transferências da União e de suas Entidades;TransferenciasDeCapitalDaUniaoEDeSuasEntidades;;;;;;;;;;;;;;;;;;
2022;RREO;3;Transferências de Instituições Privadas;TransferenciasCorrentesDeInstituicoesPrivadas;;;;;;;;;;;;;;;;;;
2022;RREO;3;Transferências de Outras Instituições Públicas;TransferenciasCorrentesDeOutrasInstituicoesPublicas;;;;;;;;;;;;;;;;;;
2022;RREO;3;Transferências dos Estados e do Distrito Federal e de suas Entidades;TransferenciasCorrentesDosEstadosEDoDistritoFederalEDeSuasEntidades;;;;;;;;;;;;;;;;;;
2022;RREO;3;Transferências dos Estados e do Distrito Federal e de suas Entidades;TransferenciasDeCapitalDosEstadosEDoDistritoFederalEDeSuasEntidades;;;;;;;;;;;;;;;;;;
2022;RREO;3;Transferências dos Municípios e de suas Entidades;TransferenciasCorrentesDosMunicipiosEDeSuasEntidades;;;;;;;;;;;;;;;;;;
2022;RREO;3;Transferências dos Municípios e de suas Entidades;TransferenciasdeCapitalDosMunicipiosEDeSuasEntidades;;;;;;;;;;;;;;;;;;
2022;RREO;3;Valores Mobiliários;ReceitasDeValoresMobiliarios;;;;;;;;;;;;;;;;;;
2022;RREO;4;ALIENAÇÃO DE BENS;AlienacaoDeBens;;;;;;;;;;;;;;;;;;
2022;RREO;4;AMORTIZAÇÃO DA DÍVIDA;AmortizacaoDaDivida;;;;;;;;;;;;;;;;;;
2022;RREO;4;AMORTIZAÇÃO DA DÍVIDA / REFINANCIAMENTO (XI);AmortizacaoRefinanciamentoDaDivida;;;;;;;;;;;;;;;;;;
2022;RREO;4;Alienação de Bens Móveis;AlienacaoDeBensMoveis;;;;;;;;;;;;;;;;;;
2022;RREO;4;Amortização da Dívida Interna;AmortizacaoRefinanciamentoDaDividaInterna;;;;;;;;;;;;;;;;;;
2022;RREO;4;CONTRIBUIÇÕES;ReceitaDeContribuicoes;;;;;;;;;;;;;;;;;;
2022;RREO;4;CONTRIBUIÇÕES;ReceitaDeContribuicoesIntra;;;;;;;;;;;;;;;;;;
2022;RREO;4;Cessão de Direitos;ReceitaDaCessaoDeDireitos;;;;;;;;;;;;;;;;;;
2022;RREO;4;Contribuições Sociais;ContribuicoesSociais;;;;;;;;;;;;;;;;;;
2022;RREO;4;Contribuições Sociais;ContribuicoesSociaisIntra;;;;;;;;;;;;;;;;;;
2022;RREO;4;DESPESAS (EXCETO INTRA-ORÇAMENTÁRIAS) (VIII);DespesasExcetoIntraOrcamentarias;;;;;;;;;;;;;;;;;;
2022;RREO;4;DESPESAS (INTRA-ORÇAMENTÁRIAS) (IX);DespesasIntraOrcamentarias;;;;;;;;;;;;;;;;;;
2022;RREO;4;DESPESAS (INTRA-ORÇAMENTÁRIAS) (IX);DespesasIntraOrcamentariasTotal;;;;;;;;;;;;;;;;;;
2022;RREO;4;DESPESAS CORRENTES;DespesasCorrentes;;;;;;;;;;;;;;;;;;
2022;RREO;4;DESPESAS CORRENTES;DespesasCorrentesIntra;;;;;;;;;;;;;;;;;;
2022;RREO;4;DESPESAS DE CAPITAL;DespesasDeCapital;;;;;;;;;;;;;;;;;;
2022;RREO;4;DESPESAS DE CAPITAL;DespesasDeCapitalIntra;;;;;;;;;;;;;;;;;;
2022;RREO;4;Demais Despesas Correntes;DemaisDespesasCorrentes;;;;;;;;;;;;;;;;;;
2022;RREO;4;Demais Receitas Correntes;ReceitasCorrentesDiversas;;;;;;;;;;;;;;;;;;
2022;RREO;4;Demais Receitas Patrimoniais;OutrasReceitasPatrimoniais;;;;;;;;;;;;;;;;;;
2022;RREO;4;Demais Receitas de Capital;RREO1OutrasReceitasDeCapitalIntra;;;;;;;;;;;;;;;;;;
2022;RREO;4;Dívida Contratual;AmortizacaoRefinanciamentoDaDividaInternaContratual;;;;;;;;;;;;;;;;;;
2022;RREO;4;Exploração do Patrimônio Imobiliário do Estado;ReceitasImobiliarias;;;;;;;;;;;;;;;;;;
2022;RREO;4;IMPOSTOS, TAXAS E CONTRIBUIÇÕES DE MELHORIA;ReceitaTributaria;;;;;;;;;;;;;;;;;;
2022;RREO;4;INVERSÕES FINANCEIRAS;InversoesFinanceiras;;;;;;;;;;;;;;;;;;
2022;RREO;4;INVERSÕES FINANCEIRAS;InversoesFinanceirasIntra;;;;;;;;;;;;;;;;;;
2022;RREO;4;INVESTIMENTOS;Investimentos;;;;;;;;;;;;;;;;;;
2022;RREO;4;INVESTIMENTOS;InvestimentosIntra;;;;;;;;;;;;;;;;;;
2022;RREO;4;Impostos;Impostos;;;;;;;;;;;;;;;;;;
2022;RREO;4;Indenizações, Restituições e Ressarcimentos;IndenizacoesERestituicoes;;;;;;;;;;;;;;;;;;
2022;RREO;4;JUROS E ENCARGOS DA DÍVIDA;JurosEEncargosDaDivida;;;;;;;;;;;;;;;;;;
2022;RREO;4;Multas Administrativas, Contratuais e Judiciais;MultasEJurosDeMora;;;;;;;;;;;;;;;;;;
2022;RREO;4;OPERAÇÕES DE CRÉDITO;ReceitasDeOperacoesDeCredito;;;;;;;;;;;;;;;;;;
2022;RREO;4;OUTRAS DESPESAS CORRENTES;OutrasDespesasCorrentes;;;;;;;;;;;;;;;;;;
2022;RREO;4;OUTRAS DESPESAS CORRENTES;OutrasDespesasCorrentesIntra;;;;;;;;;;;;;;;;;;
2022;RREO;4;OUTRAS RECEITAS CORRENTES;OutrasReceitasCorrentes;;;;;;;;;;;;;;;;;;
2022;RREO;4;OUTRAS RECEITAS DE CAPITAL;OutrasReceitasDeCapitalIntra;;;;;;;;;;;;;;;;;;
2022;RREO;4;Operações de Crédito - Mercado Interno;OperacoesDeCreditoInternas;;;;;;;;;;;;;;;;;;
2022;RREO;4;Outras Transferências;OutrasTransferenciasCorrentes;;;;;;;;;;;;;;;;;;
2022;RREO;4;Outros Serviços;OutrosServicos;;;;;;;;;;;;;;;;;;
2022;RREO;4;Outros Serviços;OutrosServicosIntra;;;;;;;;;;;;;;;;;;
2022;RREO;4;PESSOAL E ENCARGOS SOCIAIS;PessoalEEncargosSociais;;;;;;;;;;;;;;;;;;
2022;RREO;4;PESSOAL E ENCARGOS SOCIAIS;PessoalEEncargosSociaisIntra;;;;;;;;;;;;;;;;;;
2022;RREO;4;RECEITA DE SERVIÇOS;ReceitaDeServicos;;;;;;;;;;;;;;;;;;
2022;RREO;4;RECEITA DE SERVIÇOS;ReceitaDeServicosIntra;;;;;;;;;;;;;;;;;;
2022;RREO;4;RECEITA PATRIMONIAL;ReceitaPatrimonial;;;;;;;;;;;;;;;;;;
2022;RREO;4;RECEITAS (EXCETO INTRA-ORÇAMENTÁRIAS) (I);ReceitasExcetoIntraOrcamentarias;;;;;;;;;;;;;;;;;;
2022;RREO;4;RECEITAS (INTRA-ORÇAMENTÁRIAS) (II);ReceitasIntraOrcamentarias;;;;;;;;;;;;;;;;;;
2022;RREO;4;RECEITAS (INTRA-ORÇAMENTÁRIAS) (II);ReceitasIntraOrcamentariasTotal;;;;;;;;;;;;;;;;;;
2022;RREO;4;RECEITAS CORRENTES;ReceitasCorrentes;;;;;;;;;;;;;;;;;;
2022;RREO;4;RECEITAS CORRENTES;ReceitasCorrentesIntra;;;;;;;;;;;;;;;;;;
2022;RREO;4;RECEITAS DE CAPITAL;ReceitasDeCapital;;;;;;;;;;;;;;;;;;
2022;RREO;4;RECEITAS DE CAPITAL;ReceitasDeCapitalIntra;;;;;;;;;;;;;;;;;;
2022;RREO;4;RESERVA DE CONTINGÊNCIA;ReservaDeContingencia;;;;;;;;;;;;;;;;;;
2022;RREO;4;Recursos Arrecadados em Exercícios Anteriores - RPPS;RecursosArrecadadosEmExerciciosAnteriores;;;;;;;;;;;;;;;;;;
2022;RREO;4;SALDOS DE EXERCÍCIOS ANTERIORES;SaldoDeExerciciosAnterioresUtilizadosParaCreditosAdicionais;;;;;;;;;;;;;;;;;;
2022;RREO;4;SUBTOTAL DAS DESPESAS (X) = (VIII + IX);SubtotalDasDespesas;;;;;;;;;;;;;;;;;;
2022;RREO;4;SUBTOTAL DAS RECEITAS (III) = (I + II);SubtotalDasReceitas;;;;;;;;;;;;;;;;;;
2022;RREO;4;SUPERÁVIT (XIII);Superavit;;;;;;;;;;;;;;;;;;
2022;RREO;4;Serviços Administrativos e Comerciais Gerais;ServicosAdministrativosEComerciaisGerais;;;;;;;;;;;;;;;;;;
2022;RREO;4;Serviços e Atividades Financeiras;ServicosEAtividadesFinanceiras;;;;;;;;;;;;;;;;;;
2022;RREO;4;Serviços e Atividades Referentes à Navegação e ao Transporte;ServicosEAtividadesReferentesANavegacaoEAoTransporte;;;;;;;;;;;;;;;;;;
2022;RREO;4;Superávit Financeiro Utilizado para Créditos Adicionais;SuperavitFinanceiro;;;;;;;;;;;;;;;;;;
2022;RREO;4;TOTAL COM DÉFICIT (VII) = (V + VI);TotalReceitasComDeficit;;;;;;;;;;;;;;;;;;
2022;RREO;4;TOTAL COM SUPERÁVIT (XIV) = (XII + XIII);TotalDespesasComSuperavit;;;;;;;;;;;;;;;;;;
2022;RREO;4;TOTAL DAS DESPESAS (XII) = (X + XI);TotalDespesas;;;;;;;;;;;;;;;;;;
2022;RREO;4;TOTAL DAS RECEITAS (V) = (III + IV);TotalReceitas;;;;;;;;;;;;;;;;;;
2022;RREO;4;TRANSFERÊNCIAS CORRENTES;TransferenciasCorrentes;;;;;;;;;;;;;;;;;;
2022;RREO;4;TRANSFERÊNCIAS DE CAPITAL;TransferenciasDeCapital;;;;;;;;;;;;;;;;;;
2022;RREO;4;Taxas;Taxas;;;;;;;;;;;;;;;;;;
2022;RREO;4;Transferências Provenientes de Depósitos Não Identificados;TransferenciasDeCapitalProvenientesDeDepositosNaoIdentificados;;;;;;;;;;;;;;;;;;
2022;RREO;4;Transferências da União e de suas Entidades;TransferenciasCorrentesDaUniaoEDeSuasEntidades;;;;;;;;;;;;;;;;;;
2022;RREO;4;Transferências da União e de suas Entidades;TransferenciasDeCapitalDaUniaoEDeSuasEntidades;;;;;;;;;;;;;;;;;;
2022;RREO;4;Transferências de Instituições Privadas;TransferenciasCorrentesDeInstituicoesPrivadas;;;;;;;;;;;;;;;;;;
2022;RREO;4;Transferências de Outras Instituições Públicas;TransferenciasCorrentesDeOutrasInstituicoesPublicas;;;;;;;;;;;;;;;;;;
2022;RREO;4;Transferências dos Estados e do Distrito Federal e de suas Entidades;TransferenciasCorrentesDosEstadosEDoDistritoFederalEDeSuasEntidades;;;;;;;;;;;;;;;;;;
2022;RREO;4;Transferências dos Estados e do Distrito Federal e de suas Entidades;TransferenciasDeCapitalDosEstadosEDoDistritoFederalEDeSuasEntidades;;;;;;;;;;;;;;;;;;
2022;RREO;4;Transferências dos Municípios e de suas Entidades;TransferenciasCorrentesDosMunicipiosEDeSuasEntidades;;;;;;;;;;;;;;;;;;
2022;RREO;4;Transferências dos Municípios e de suas Entidades;TransferenciasdeCapitalDosMunicipiosEDeSuasEntidades;;;;;;;;;;;;;;;;;;
2022;RREO;4;Valores Mobiliários;ReceitasDeValoresMobiliarios;;;;;;;;;;;;;;;;;;
2022;RREO;5;ALIENAÇÃO DE BENS;AlienacaoDeBens;;;;;;;;;;;;;;;;;;
2022;RREO;5;AMORTIZAÇÃO DA DÍVIDA;AmortizacaoDaDivida;;;;;;;;;;;;;;;;;;
2022;RREO;5;AMORTIZAÇÃO DA DÍVIDA / REFINANCIAMENTO (XI);AmortizacaoRefinanciamentoDaDivida;;;;;;;;;;;;;;;;;;
2022;RREO;5;Alienação de Bens Móveis;AlienacaoDeBensMoveis;;;;;;;;;;;;;;;;;;
2022;RREO;5;Amortização da Dívida Interna;AmortizacaoRefinanciamentoDaDividaInterna;;;;;;;;;;;;;;;;;;
2022;RREO;5;CONTRIBUIÇÕES;ReceitaDeContribuicoes;;;;;;;;;;;;;;;;;;
2022;RREO;5;CONTRIBUIÇÕES;ReceitaDeContribuicoesIntra;;;;;;;;;;;;;;;;;;
2022;RREO;5;Cessão de Direitos;ReceitaDaCessaoDeDireitos;;;;;;;;;;;;;;;;;;
2022;RREO;5;Contribuições Sociais;ContribuicoesSociais;;;;;;;;;;;;;;;;;;
2022;RREO;5;Contribuições Sociais;ContribuicoesSociaisIntra;;;;;;;;;;;;;;;;;;
2022;RREO;5;DESPESAS (EXCETO INTRA-ORÇAMENTÁRIAS) (VIII);DespesasExcetoIntraOrcamentarias;;;;;;;;;;;;;;;;;;
2022;RREO;5;DESPESAS (INTRA-ORÇAMENTÁRIAS) (IX);DespesasIntraOrcamentarias;;;;;;;;;;;;;;;;;;
2022;RREO;5;DESPESAS (INTRA-ORÇAMENTÁRIAS) (IX);DespesasIntraOrcamentariasTotal;;;;;;;;;;;;;;;;;;
2022;RREO;5;DESPESAS CORRENTES;DespesasCorrentes;;;;;;;;;;;;;;;;;;
2022;RREO;5;DESPESAS CORRENTES;DespesasCorrentesIntra;;;;;;;;;;;;;;;;;;
2022;RREO;5;DESPESAS DE CAPITAL;DespesasDeCapital;;;;;;;;;;;;;;;;;;
2022;RREO;5;DESPESAS DE CAPITAL;DespesasDeCapitalIntra;;;;;;;;;;;;;;;;;;
2022;RREO;5;Demais Despesas Correntes;DemaisDespesasCorrentes;;;;;;;;;;;;;;;;;;
2022;RREO;5;Demais Receitas Correntes;ReceitasCorrentesDiversas;;;;;;;;;;;;;;;;;;
2022;RREO;5;Demais Receitas Correntes;ReceitasCorrentesDiversasIntra;;;;;;;;;;;;;;;;;;
2022;RREO;5;Demais Receitas Patrimoniais;OutrasReceitasPatrimoniais;;;;;;;;;;;;;;;;;;
2022;RREO;5;Demais Receitas de Capital;RREO1OutrasReceitasDeCapitalIntra;;;;;;;;;;;;;;;;;;
2022;RREO;5;Dívida Contratual;AmortizacaoRefinanciamentoDaDividaInternaContratual;;;;;;;;;;;;;;;;;;
2022;RREO;5;Exploração do Patrimônio Imobiliário do Estado;ReceitasImobiliarias;;;;;;;;;;;;;;;;;;
2022;RREO;5;IMPOSTOS, TAXAS E CONTRIBUIÇÕES DE MELHORIA;ReceitaTributaria;;;;;;;;;;;;;;;;;;
2022;RREO;5;INVERSÕES FINANCEIRAS;InversoesFinanceiras;;;;;;;;;;;;;;;;;;
2022;RREO;5;INVERSÕES FINANCEIRAS;InversoesFinanceirasIntra;;;;;;;;;;;;;;;;;;
2022;RREO;5;INVESTIMENTOS;Investimentos;;;;;;;;;;;;;;;;;;
2022;RREO;5;INVESTIMENTOS;InvestimentosIntra;;;;;;;;;;;;;;;;;;
2022;RREO;5;Impostos;Impostos;;;;;;;;;;;;;;;;;;
2022;RREO;5;Indenizações, Restituições e Ressarcimentos;IndenizacoesERestituicoes;;;;;;;;;;;;;;;;;;
2022;RREO;5;JUROS E ENCARGOS DA DÍVIDA;JurosEEncargosDaDivida;;;;;;;;;;;;;;;;;;
2022;RREO;5;Multas Administrativas, Contratuais e Judiciais;MultasEJurosDeMora;;;;;;;;;;;;;;;;;;
2022;RREO;5;OPERAÇÕES DE CRÉDITO;ReceitasDeOperacoesDeCredito;;;;;;;;;;;;;;;;;;
2022;RREO;5;OUTRAS DESPESAS CORRENTES;OutrasDespesasCorrentes;;;;;;;;;;;;;;;;;;
2022;RREO;5;OUTRAS DESPESAS CORRENTES;OutrasDespesasCorrentesIntra;;;;;;;;;;;;;;;;;;
2022;RREO;5;OUTRAS RECEITAS CORRENTES;OutrasReceitasCorrentes;;;;;;;;;;;;;;;;;;
2022;RREO;5;OUTRAS RECEITAS CORRENTES;OutrasReceitasCorrentesIntra;;;;;;;;;;;;;;;;;;
2022;RREO;5;OUTRAS RECEITAS DE CAPITAL;OutrasReceitasDeCapitalIntra;;;;;;;;;;;;;;;;;;
2022;RREO;5;Operações de Crédito - Mercado Interno;OperacoesDeCreditoInternas;;;;;;;;;;;;;;;;;;
2022;RREO;5;Outras Transferências;OutrasTransferenciasCorrentes;;;;;;;;;;;;;;;;;;
2022;RREO;5;Outros Serviços;OutrosServicos;;;;;;;;;;;;;;;;;;
2022;RREO;5;Outros Serviços;OutrosServicosIntra;;;;;;;;;;;;;;;;;;
2022;RREO;5;PESSOAL E ENCARGOS SOCIAIS;PessoalEEncargosSociais;;;;;;;;;;;;;;;;;;
2022;RREO;5;PESSOAL E ENCARGOS SOCIAIS;PessoalEEncargosSociaisIntra;;;;;;;;;;;;;;;;;;
2022;RREO;5;RECEITA DE SERVIÇOS;ReceitaDeServicos;;;;;;;;;;;;;;;;;;
2022;RREO;5;RECEITA DE SERVIÇOS;ReceitaDeServicosIntra;;;;;;;;;;;;;;;;;;
2022;RREO;5;RECEITA PATRIMONIAL;ReceitaPatrimonial;;;;;;;;;;;;;;;;;;
2022;RREO;5;RECEITAS (EXCETO INTRA-ORÇAMENTÁRIAS) (I);ReceitasExcetoIntraOrcamentarias;;;;;;;;;;;;;;;;;;
2022;RREO;5;RECEITAS (INTRA-ORÇAMENTÁRIAS) (II);ReceitasIntraOrcamentarias;;;;;;;;;;;;;;;;;;
2022;RREO;5;RECEITAS (INTRA-ORÇAMENTÁRIAS) (II);ReceitasIntraOrcamentariasTotal;;;;;;;;;;;;;;;;;;
2022;RREO;5;RECEITAS CORRENTES;ReceitasCorrentes;;;;;;;;;;;;;;;;;;
2022;RREO;5;RECEITAS CORRENTES;ReceitasCorrentesIntra;;;;;;;;;;;;;;;;;;
2022;RREO;5;RECEITAS DE CAPITAL;ReceitasDeCapital;;;;;;;;;;;;;;;;;;
2022;RREO;5;RECEITAS DE CAPITAL;ReceitasDeCapitalIntra;;;;;;;;;;;;;;;;;;
2022;RREO;5;RESERVA DE CONTINGÊNCIA;ReservaDeContingencia;;;;;;;;;;;;;;;;;;
2022;RREO;5;Recursos Arrecadados em Exercícios Anteriores - RPPS;RecursosArrecadadosEmExerciciosAnteriores;;;;;;;;;;;;;;;;;;
2022;RREO;5;SALDOS DE EXERCÍCIOS ANTERIORES;SaldoDeExerciciosAnterioresUtilizadosParaCreditosAdicionais;;;;;;;;;;;;;;;;;;
2022;RREO;5;SUBTOTAL DAS DESPESAS (X) = (VIII + IX);SubtotalDasDespesas;;;;;;;;;;;;;;;;;;
2022;RREO;5;SUBTOTAL DAS RECEITAS (III) = (I + II);SubtotalDasReceitas;;;;;;;;;;;;;;;;;;
2022;RREO;5;SUPERÁVIT (XIII);Superavit;;;;;;;;;;;;;;;;;;
2022;RREO;5;Serviços Administrativos e Comerciais Gerais;ServicosAdministrativosEComerciaisGerais;;;;;;;;;;;;;;;;;;
2022;RREO;5;Serviços e Atividades Financeiras;ServicosEAtividadesFinanceiras;;;;;;;;;;;;;;;;;;
2022;RREO;5;Serviços e Atividades Referentes à Navegação e ao Transporte;ServicosEAtividadesReferentesANavegacaoEAoTransporte;;;;;;;;;;;;;;;;;;
2022;RREO;5;Superávit Financeiro Utilizado para Créditos Adicionais;SuperavitFinanceiro;;;;;;;;;;;;;;;;;;
2022;RREO;5;TOTAL COM DÉFICIT (VII) = (V + VI);TotalReceitasComDeficit;;;;;;;;;;;;;;;;;;
2022;RREO;5;TOTAL COM SUPERÁVIT (XIV) = (XII + XIII);TotalDespesasComSuperavit;;;;;;;;;;;;;;;;;;
2022;RREO;5;TOTAL DAS DESPESAS (XII) = (X + XI);TotalDespesas;;;;;;;;;;;;;;;;;;
2022;RREO;5;TOTAL DAS RECEITAS (V) = (III + IV);TotalReceitas;;;;;;;;;;;;;;;;;;
2022;RREO;5;TRANSFERÊNCIAS CORRENTES;TransferenciasCorrentes;;;;;;;;;;;;;;;;;;
2022;RREO;5;TRANSFERÊNCIAS DE CAPITAL;TransferenciasDeCapital;;;;;;;;;;;;;;;;;;
2022;RREO;5;Taxas;Taxas;;;;;;;;;;;;;;;;;;
2022;RREO;5;Transferências Provenientes de Depósitos Não Identificados;TransferenciasDeCapitalProvenientesDeDepositosNaoIdentificados;;;;;;;;;;;;;;;;;;
2022;RREO;5;Transferências da União e de suas Entidades;TransferenciasCorrentesDaUniaoEDeSuasEntidades;;;;;;;;;;;;;;;;;;
2022;RREO;5;Transferências da União e de suas Entidades;TransferenciasDeCapitalDaUniaoEDeSuasEntidades;;;;;;;;;;;;;;;;;;
2022;RREO;5;Transferências de Instituições Privadas;TransferenciasCorrentesDeInstituicoesPrivadas;;;;;;;;;;;;;;;;;;
2022;RREO;5;Transferências de Outras Instituições Públicas;TransferenciasCorrentesDeOutrasInstituicoesPublicas;;;;;;;;;;;;;;;;;;
2022;RREO;5;Transferências dos Estados e do Distrito Federal e de suas Entidades;TransferenciasCorrentesDosEstadosEDoDistritoFederalEDeSuasEntidades;;;;;;;;;;;;;;;;;;
2022;RREO;5;Transferências dos Municípios e de suas Entidades;TransferenciasCorrentesDosMunicipiosEDeSuasEntidades;;;;;;;;;;;;;;;;;;
2022;RREO;5;Transferências dos Municípios e de suas Entidades;TransferenciasdeCapitalDosMunicipiosEDeSuasEntidades;;;;;;;;;;;;;;;;;;
2022;RREO;5;Valores Mobiliários;ReceitasDeValoresMobiliarios;;;;;;;;;;;;;;;;;;
2022;RREO;6;ALIENAÇÃO DE BENS;AlienacaoDeBens;;;;;;;;;;;;;;;;;;
2022;RREO;6;AMORTIZAÇÃO DA DÍVIDA;AmortizacaoDaDivida;;;;;;;;;;;;;;;;;;
2022;RREO;6;AMORTIZAÇÃO DA DÍVIDA / REFINANCIAMENTO (XI);AmortizacaoRefinanciamentoDaDivida;;;;;;;;;;;;;;;;;;
2022;RREO;6;Alienação de Bens Móveis;AlienacaoDeBensMoveis;;;;;;;;;;;;;;;;;;
2022;RREO;6;Amortização da Dívida Interna;AmortizacaoRefinanciamentoDaDividaInterna;;;;;;;;;;;;;;;;;;
2022;RREO;6;CONTRIBUIÇÕES;ReceitaDeContribuicoes;;;;;;;;;;;;;;;;;;
2022;RREO;6;CONTRIBUIÇÕES;ReceitaDeContribuicoesIntra;;;;;;;;;;;;;;;;;;
2022;RREO;6;Cessão de Direitos;ReceitaDaCessaoDeDireitos;;;;;;;;;;;;;;;;;;
2022;RREO;6;Contribuições Sociais;ContribuicoesSociais;;;;;;;;;;;;;;;;;;
2022;RREO;6;Contribuições Sociais;ContribuicoesSociaisIntra;;;;;;;;;;;;;;;;;;
2022;RREO;6;DESPESAS (EXCETO INTRA-ORÇAMENTÁRIAS) (VIII);DespesasExcetoIntraOrcamentarias;;;;;;;;;;;;;;;;;;
2022;RREO;6;DESPESAS (INTRA-ORÇAMENTÁRIAS) (IX);DespesasIntraOrcamentarias;;;;;;;;;;;;;;;;;;
2022;RREO;6;DESPESAS (INTRA-ORÇAMENTÁRIAS) (IX);DespesasIntraOrcamentariasTotal;;;;;;;;;;;;;;;;;;
2022;RREO;6;DESPESAS CORRENTES;DespesasCorrentes;;;;;;;;;;;;;;;;;;
2022;RREO;6;DESPESAS CORRENTES;DespesasCorrentesIntra;;;;;;;;;;;;;;;;;;
2022;RREO;6;DESPESAS DE CAPITAL;DespesasDeCapital;;;;;;;;;;;;;;;;;;
2022;RREO;6;DESPESAS DE CAPITAL;DespesasDeCapitalIntra;;;;;;;;;;;;;;;;;;
2022;RREO;6;Demais Despesas Correntes;DemaisDespesasCorrentes;;;;;;;;;;;;;;;;;;
2022;RREO;6;Demais Receitas Correntes;ReceitasCorrentesDiversas;;;;;;;;;;;;;;;;;;
2022;RREO;6;Demais Receitas Correntes;ReceitasCorrentesDiversasIntra;;;;;;;;;;;;;;;;;;
2022;RREO;6;Demais Receitas Patrimoniais;OutrasReceitasPatrimoniais;;;;;;;;;;;;;;;;;;
2022;RREO;6;Demais Receitas de Capital;RREO1OutrasReceitasDeCapitalIntra;;;;;;;;;;;;;;;;;;
2022;RREO;6;Dívida Contratual;AmortizacaoRefinanciamentoDaDividaInternaContratual;;;;;;;;;;;;;;;;;;
2022;RREO;6;Exploração de Recursos Naturais;ExploracaoDeRecursosNaturais;;;;;;;;;;;;;;;;;;
2022;RREO;6;Exploração do Patrimônio Imobiliário do Estado;ReceitasImobiliarias;;;;;;;;;;;;;;;;;;
2022;RREO;6;IMPOSTOS, TAXAS E CONTRIBUIÇÕES DE MELHORIA;ReceitaTributaria;;;;;;;;;;;;;;;;;;
2022;RREO;6;INVERSÕES FINANCEIRAS;InversoesFinanceiras;;;;;;;;;;;;;;;;;;
2022;RREO;6;INVERSÕES FINANCEIRAS;InversoesFinanceirasIntra;;;;;;;;;;;;;;;;;;
2022;RREO;6;INVESTIMENTOS;Investimentos;;;;;;;;;;;;;;;;;;
2022;RREO;6;INVESTIMENTOS;InvestimentosIntra;;;;;;;;;;;;;;;;;;
2022;RREO;6;Impostos;Impostos;;;;;;;;;;;;;;;;;;
2022;RREO;6;Indenizações, Restituições e Ressarcimentos;IndenizacoesERestituicoes;;;;;;;;;;;;;;;;;;
2022;RREO;6;JUROS E ENCARGOS DA DÍVIDA;JurosEEncargosDaDivida;;;;;;;;;;;;;;;;;;
2022;RREO;6;Multas Administrativas, Contratuais e Judiciais;MultasEJurosDeMora;;;;;;;;;;;;;;;;;;
2022;RREO;6;OPERAÇÕES DE CRÉDITO;ReceitasDeOperacoesDeCredito;;;;;;;;;;;;;;;;;;
2022;RREO;6;OUTRAS DESPESAS CORRENTES;OutrasDespesasCorrentes;;;;;;;;;;;;;;;;;;
2022;RREO;6;OUTRAS DESPESAS CORRENTES;OutrasDespesasCorrentesIntra;;;;;;;;;;;;;;;;;;
2022;RREO;6;OUTRAS RECEITAS CORRENTES;OutrasReceitasCorrentes;;;;;;;;;;;;;;;;;;
2022;RREO;6;OUTRAS RECEITAS CORRENTES;OutrasReceitasCorrentesIntra;;;;;;;;;;;;;;;;;;
2022;RREO;6;OUTRAS RECEITAS DE CAPITAL;OutrasReceitasDeCapitalIntra;;;;;;;;;;;;;;;;;;
2022;RREO;6;Operações de Crédito - Mercado Interno;OperacoesDeCreditoInternas;;;;;;;;;;;;;;;;;;
2022;RREO;6;Outras Transferências;OutrasTransferenciasCorrentes;;;;;;;;;;;;;;;;;;
2022;RREO;6;Outros Serviços;OutrosServicos;;;;;;;;;;;;;;;;;;
2022;RREO;6;Outros Serviços;OutrosServicosIntra;;;;;;;;;;;;;;;;;;
2022;RREO;6;PESSOAL E ENCARGOS SOCIAIS;PessoalEEncargosSociais;;;;;;;;;;;;;;;;;;
2022;RREO;6;PESSOAL E ENCARGOS SOCIAIS;PessoalEEncargosSociaisIntra;;;;;;;;;;;;;;;;;;
2022;RREO;6;RECEITA DE SERVIÇOS;ReceitaDeServicos;;;;;;;;;;;;;;;;;;
2022;RREO;6;RECEITA DE SERVIÇOS;ReceitaDeServicosIntra;;;;;;;;;;;;;;;;;;
2022;RREO;6;RECEITA PATRIMONIAL;ReceitaPatrimonial;;;;;;;;;;;;;;;;;;
2022;RREO;6;RECEITAS (EXCETO INTRA-ORÇAMENTÁRIAS) (I);ReceitasExcetoIntraOrcamentarias;;;;;;;;;;;;;;;;;;
2022;RREO;6;RECEITAS (INTRA-ORÇAMENTÁRIAS) (II);ReceitasIntraOrcamentarias;;;;;;;;;;;;;;;;;;
2022;RREO;6;RECEITAS (INTRA-ORÇAMENTÁRIAS) (II);ReceitasIntraOrcamentariasTotal;;;;;;;;;;;;;;;;;;
2022;RREO;6;RECEITAS CORRENTES;ReceitasCorrentes;;;;;;;;;;;;;;;;;;
2022;RREO;6;RECEITAS CORRENTES;ReceitasCorrentesIntra;;;;;;;;;;;;;;;;;;
2022;RREO;6;RECEITAS DE CAPITAL;ReceitasDeCapital;;;;;;;;;;;;;;;;;;
2022;RREO;6;RECEITAS DE CAPITAL;ReceitasDeCapitalIntra;;;;;;;;;;;;;;;;;;
2022;RREO;6;RESERVA DE CONTINGÊNCIA;ReservaDeContingencia;;;;;;;;;;;;;;;;;;
2022;RREO;6;Recursos Arrecadados em Exercícios Anteriores - RPPS;RecursosArrecadadosEmExerciciosAnteriores;;;;;;;;;;;;;;;;;;
2022;RREO;6;SALDOS DE EXERCÍCIOS ANTERIORES;SaldoDeExerciciosAnterioresUtilizadosParaCreditosAdicionais;;;;;;;;;;;;;;;;;;
2022;RREO;6;SUBTOTAL DAS DESPESAS (X) = (VIII + IX);SubtotalDasDespesas;;;;;;;;;;;;;;;;;;
2022;RREO;6;SUBTOTAL DAS RECEITAS (III) = (I + II);SubtotalDasReceitas;;;;;;;;;;;;;;;;;;
2022;RREO;6;SUPERÁVIT (XIII);Superavit;;;;;;;;;;;;;;;;;;
2022;RREO;6;Serviços Administrativos e Comerciais Gerais;ServicosAdministrativosEComerciaisGerais;;;;;;;;;;;;;;;;;;
2022;RREO;6;Serviços Administrativos e Comerciais Gerais;ServicosAdministrativosEComerciaisGeraisIntra;;;;;;;;;;;;;;;;;;
2022;RREO;6;Serviços e Atividades Financeiras;ServicosEAtividadesFinanceiras;;;;;;;;;;;;;;;;;;
2022;RREO;6;Serviços e Atividades Referentes à Navegação e ao Transporte;ServicosEAtividadesReferentesANavegacaoEAoTransporte;;;;;;;;;;;;;;;;;;
2022;RREO;6;Superávit Financeiro Utilizado para Créditos Adicionais;SuperavitFinanceiro;;;;;;;;;;;;;;;;;;
2022;RREO;6;TOTAL COM DÉFICIT (VII) = (V + VI);TotalReceitasComDeficit;;;;;;;;;;;;;;;;;;
2022;RREO;6;TOTAL COM SUPERÁVIT (XIV) = (XII + XIII);TotalDespesasComSuperavit;;;;;;;;;;;;;;;;;;
2022;RREO;6;TOTAL DAS DESPESAS (XII) = (X + XI);TotalDespesas;;;;;;;;;;;;;;;;;;
2022;RREO;6;TOTAL DAS RECEITAS (V) = (III + IV);TotalReceitas;;;;;;;;;;;;;;;;;;
2022;RREO;6;TRANSFERÊNCIAS CORRENTES;TransferenciasCorrentes;;;;;;;;;;;;;;;;;;
2022;RREO;6;TRANSFERÊNCIAS DE CAPITAL;TransferenciasDeCapital;;;;;;;;;;;;;;;;;;
2022;RREO;6;Taxas;Taxas;;;;;;;;;;;;;;;;;;
2022;RREO;6;Transferências Provenientes de Depósitos Não Identificados;TransferenciasDeCapitalProvenientesDeDepositosNaoIdentificados;;;;;;;;;;;;;;;;;;
2022;RREO;6;Transferências da União e de suas Entidades;TransferenciasCorrentesDaUniaoEDeSuasEntidades;;;;;;;;;;;;;;;;;;
2022;RREO;6;Transferências da União e de suas Entidades;TransferenciasDeCapitalDaUniaoEDeSuasEntidades;;;;;;;;;;;;;;;;;;
2022;RREO;6;Transferências de Instituições Privadas;TransferenciasCorrentesDeInstituicoesPrivadas;;;;;;;;;;;;;;;;;;
2022;RREO;6;Transferências de Outras Instituições Públicas;TransferenciasCorrentesDeOutrasInstituicoesPublicas;;;;;;;;;;;;;;;;;;
2022;RREO;6;Transferências dos Estados e do Distrito Federal e de suas Entidades;TransferenciasCorrentesDosEstadosEDoDistritoFederalEDeSuasEntidades;;;;;;;;;;;;;;;;;;
2022;RREO;6;Transferências dos Municípios e de suas Entidades;TransferenciasCorrentesDosMunicipiosEDeSuasEntidades;;;;;;;;;;;;;;;;;;
2022;RREO;6;Transferências dos Municípios e de suas Entidades;TransferenciasdeCapitalDosMunicipiosEDeSuasEntidades;;;;;;;;;;;;;;;;;;
2022;RREO;6;Valores Mobiliários;ReceitasDeValoresMobiliarios;;;;;;;;;;;;;;;;;;
2023;RREO;1;ALIENAÇÃO DE BENS;AlienacaoDeBens;;;;;;;;;;;;;;;;;;
2023;RREO;1;AMORTIZAÇÃO DA DÍVIDA;AmortizacaoDaDivida;;;;;;;;;;;;;;;;;;
2023;RREO;1;AMORTIZAÇÃO DA DÍVIDA / REFINANCIAMENTO (XI);AmortizacaoRefinanciamentoDaDivida;;;;;;;;;;;;;;;;;;
2023;RREO;1;Alienação de Bens Móveis;AlienacaoDeBensMoveis;;;;;;;;;;;;;;;;;;
2023;RREO;1;Amortização da Dívida Interna;AmortizacaoRefinanciamentoDaDividaInterna;;;;;;;;;;;;;;;;;;
2023;RREO;1;CONTRIBUIÇÕES;ReceitaDeContribuicoes;;;;;;;;;;;;;;;;;;
2023;RREO;1;CONTRIBUIÇÕES;ReceitaDeContribuicoesIntra;;;;;;;;;;;;;;;;;;
2023;RREO;1;Cessão de Direitos;ReceitaDaCessaoDeDireitos;;;;;;;;;;;;;;;;;;
2023;RREO;1;Contribuições Sociais;ContribuicoesSociais;;;;;;;;;;;;;;;;;;
2023;RREO;1;Contribuições Sociais;ContribuicoesSociaisIntra;;;;;;;;;;;;;;;;;;
2023;RREO;1;DESPESAS (EXCETO INTRA-ORÇAMENTÁRIAS) (VIII);DespesasExcetoIntraOrcamentarias;;;;;;;;;;;;;;;;;;
2023;RREO;1;DESPESAS (INTRA-ORÇAMENTÁRIAS) (IX);DespesasIntraOrcamentarias;;;;;;;;;;;;;;;;;;
2023;RREO;1;DESPESAS (INTRA-ORÇAMENTÁRIAS) (IX);DespesasIntraOrcamentariasTotal;;;;;;;;;;;;;;;;;;
2023;RREO;1;DESPESAS CORRENTES;DespesasCorrentes;;;;;;;;;;;;;;;;;;
2023;RREO;1;DESPESAS CORRENTES;DespesasCorrentesIntra;;;;;;;;;;;;;;;;;;
2023;RREO;1;DESPESAS DE CAPITAL;DespesasDeCapital;;;;;;;;;;;;;;;;;;
2023;RREO;1;DESPESAS DE CAPITAL;DespesasDeCapitalIntra;;;;;;;;;;;;;;;;;;
2023;RREO;1;Demais Despesas Correntes;DemaisDespesasCorrentes;;;;;;;;;;;;;;;;;;
2023;RREO;1;Demais Receitas Correntes;ReceitasCorrentesDiversas;;;;;;;;;;;;;;;;;;
2023;RREO;1;Demais Receitas Correntes;ReceitasCorrentesDiversasIntra;;;;;;;;;;;;;;;;;;
2023;RREO;1;Demais Receitas Patrimoniais;OutrasReceitasPatrimoniais;;;;;;;;;;;;;;;;;;
2023;RREO;1;Demais Receitas de Capital;RREO1OutrasReceitasDeCapitalIntra;;;;;;;;;;;;;;;;;;
2023;RREO;1;Dívida Contratual;AmortizacaoRefinanciamentoDaDividaInternaContratual;;;;;;;;;;;;;;;;;;
2023;RREO;1;Exploração de Recursos Naturais;ExploracaoDeRecursosNaturais;;;;;;;;;;;;;;;;;;
2023;RREO;1;Exploração do Patrimônio Imobiliário do Estado;ReceitasImobiliarias;;;;;;;;;;;;;;;;;;
2023;RREO;1;IMPOSTOS, TAXAS E CONTRIBUIÇÕES DE MELHORIA;ReceitaTributaria;;;;;;;;;;;;;;;;;;
2023;RREO;1;INVERSÕES FINANCEIRAS;InversoesFinanceiras;;;;;;;;;;;;;;;;;;
2023;RREO;1;INVESTIMENTOS;Investimentos;;;;;;;;;;;;;;;;;;
2023;RREO;1;INVESTIMENTOS;InvestimentosIntra;;;;;;;;;;;;;;;;;;
2023;RREO;1;Impostos;Impostos;;;;;;;;;;;;;;;;;;
2023;RREO;1;Indenizações, Restituições e Ressarcimentos;IndenizacoesERestituicoes;;;;;;;;;;;;;;;;;;
2023;RREO;1;JUROS E ENCARGOS DA DÍVIDA;JurosEEncargosDaDivida;;;;;;;;;;;;;;;;;;
2023;RREO;1;Multas Administrativas, Contratuais e Judiciais;MultasEJurosDeMora;;;;;;;;;;;;;;;;;;
2023;RREO;1;OPERAÇÕES DE CRÉDITO;ReceitasDeOperacoesDeCredito;;;;;;;;;;;;;;;;;;
2023;RREO;1;OUTRAS DESPESAS CORRENTES;OutrasDespesasCorrentes;;;;;;;;;;;;;;;;;;
2023;RREO;1;OUTRAS DESPESAS CORRENTES;OutrasDespesasCorrentesIntra;;;;;;;;;;;;;;;;;;
2023;RREO;1;OUTRAS RECEITAS CORRENTES;OutrasReceitasCorrentes;;;;;;;;;;;;;;;;;;
2023;RREO;1;OUTRAS RECEITAS CORRENTES;OutrasReceitasCorrentesIntra;;;;;;;;;;;;;;;;;;
2023;RREO;1;OUTRAS RECEITAS DE CAPITAL;OutrasReceitasDeCapitalIntra;;;;;;;;;;;;;;;;;;
2023;RREO;1;Operações de Crédito - Mercado Interno;OperacoesDeCreditoInternas;;;;;;;;;;;;;;;;;;
2023;RREO;1;Outras Transferências;OutrasTransferenciasCorrentes;;;;;;;;;;;;;;;;;;
2023;RREO;1;Outros Serviços;OutrosServicos;;;;;;;;;;;;;;;;;;
2023;RREO;1;Outros Serviços;OutrosServicosIntra;;;;;;;;;;;;;;;;;;
2023;RREO;1;PESSOAL E ENCARGOS SOCIAIS;PessoalEEncargosSociais;;;;;;;;;;;;;;;;;;
2023;RREO;1;PESSOAL E ENCARGOS SOCIAIS;PessoalEEncargosSociaisIntra;;;;;;;;;;;;;;;;;;
2023;RREO;1;RECEITA DE SERVIÇOS;ReceitaDeServicos;;;;;;;;;;;;;;;;;;
2023;RREO;1;RECEITA DE SERVIÇOS;ReceitaDeServicosIntra;;;;;;;;;;;;;;;;;;
2023;RREO;1;RECEITA PATRIMONIAL;ReceitaPatrimonial;;;;;;;;;;;;;;;;;;
2023;RREO;1;RECEITAS (EXCETO INTRA-ORÇAMENTÁRIAS) (I);ReceitasExcetoIntraOrcamentarias;;;;;;;;;;;;;;;;;;
2023;RREO;1;RECEITAS (INTRA-ORÇAMENTÁRIAS) (II);ReceitasIntraOrcamentarias;;;;;;;;;;;;;;;;;;
2023;RREO;1;RECEITAS (INTRA-ORÇAMENTÁRIAS) (II);ReceitasIntraOrcamentariasTotal;;;;;;;;;;;;;;;;;;
2023;RREO;1;RECEITAS CORRENTES;ReceitasCorrentes;;;;;;;;;;;;;;;;;;
2023;RREO;1;RECEITAS CORRENTES;ReceitasCorrentesIntra;;;;;;;;;;;;;;;;;;
2023;RREO;1;RECEITAS DE CAPITAL;ReceitasDeCapital;;;;;;;;;;;;;;;;;;
2023;RREO;1;RECEITAS DE CAPITAL;ReceitasDeCapitalIntra;;;;;;;;;;;;;;;;;;
2023;RREO;1;RESERVA DE CONTINGÊNCIA;ReservaDeContingencia;;;;;;;;;;;;;;;;;;
2023;RREO;1;SUBTOTAL DAS DESPESAS (X) = (VIII + IX);SubtotalDasDespesas;;;;;;;;;;;;;;;;;;
2023;RREO;1;SUBTOTAL DAS RECEITAS (III) = (I + II);SubtotalDasReceitas;;;;;;;;;;;;;;;;;;
2023;RREO;1;SUPERÁVIT (XIII);Superavit;;;;;;;;;;;;;;;;;;
2023;RREO;1;Serviços Administrativos e Comerciais Gerais;ServicosAdministrativosEComerciaisGerais;;;;;;;;;;;;;;;;;;
2023;RREO;1;Serviços e Atividades Referentes à Navegação e ao Transporte;ServicosEAtividadesReferentesANavegacaoEAoTransporte;;;;;;;;;;;;;;;;;;
2023;RREO;1;TOTAL COM DÉFICIT (VII) = (V + VI);TotalReceitasComDeficit;;;;;;;;;;;;;;;;;;
2023;RREO;1;TOTAL COM SUPERÁVIT (XIV) = (XII + XIII);TotalDespesasComSuperavit;;;;;;;;;;;;;;;;;;
2023;RREO;1;TOTAL DAS DESPESAS (XII) = (X + XI);TotalDespesas;;;;;;;;;;;;;;;;;;
2023;RREO;1;TOTAL DAS RECEITAS (V) = (III + IV);TotalReceitas;;;;;;;;;;;;;;;;;;
2023;RREO;1;TRANSFERÊNCIAS CORRENTES;TransferenciasCorrentes;;;;;;;;;;;;;;;;;;
2023;RREO;1;TRANSFERÊNCIAS DE CAPITAL;TransferenciasDeCapital;;;;;;;;;;;;;;;;;;
2023;RREO;1;Taxas;Taxas;;;;;;;;;;;;;;;;;;
2023;RREO;1;Transferências da União e de suas Entidades;TransferenciasCorrentesDaUniaoEDeSuasEntidades;;;;;;;;;;;;;;;;;;
2023;RREO;1;Transferências da União e de suas Entidades;TransferenciasDeCapitalDaUniaoEDeSuasEntidades;;;;;;;;;;;;;;;;;;
2023;RREO;1;Transferências de Instituições Privadas;TransferenciasCorrentesDeInstituicoesPrivadas;;;;;;;;;;;;;;;;;;
2023;RREO;1;Transferências de Instituições Privadas;TransferenciasDeCapitalDeInstituicoesPrivadas;;;;;;;;;;;;;;;;;;
2023;RREO;1;Transferências de Outras Instituições Públicas;TransferenciasCorrentesDeOutrasInstituicoesPublicas;;;;;;;;;;;;;;;;;;
2023;RREO;1;Transferências dos Estados e do Distrito Federal e de suas Entidades;TransferenciasCorrentesDosEstadosEDoDistritoFederalEDeSuasEntidades;;;;;;;;;;;;;;;;;;
2023;RREO;1;Transferências dos Municípios e de suas Entidades;TransferenciasCorrentesDosMunicipiosEDeSuasEntidades;;;;;;;;;;;;;;;;;;
2023;RREO;1;Valores Mobiliários;ReceitasDeValoresMobiliarios;;;;;;;;;;;;;;;;;;
2023;RREO;2;ALIENAÇÃO DE BENS;AlienacaoDeBens;;;;;;;;;;;;;;;;;;
2023;RREO;2;AMORTIZAÇÃO DA DÍVIDA;AmortizacaoDaDivida;;;;;;;;;;;;;;;;;;
2023;RREO;2;AMORTIZAÇÃO DA DÍVIDA / REFINANCIAMENTO (XI);AmortizacaoRefinanciamentoDaDivida;;;;;;;;;;;;;;;;;;
2023;RREO;2;Alienação de Bens Imóveis;AlienacaoDeBensImoveis;;;;;;;;;;;;;;;;;;
2023;RREO;2;Alienação de Bens Móveis;AlienacaoDeBensMoveis;;;;;;;;;;;;;;;;;;
2023;RREO;2;Amortização da Dívida Interna;AmortizacaoRefinanciamentoDaDividaInterna;;;;;;;;;;;;;;;;;;
2023;RREO;2;CONTRIBUIÇÕES;ReceitaDeContribuicoes;;;;;;;;;;;;;;;;;;
2023;RREO;2;CONTRIBUIÇÕES;ReceitaDeContribuicoesIntra;;;;;;;;;;;;;;;;;;
2023;RREO;2;Cessão de Direitos;ReceitaDaCessaoDeDireitos;;;;;;;;;;;;;;;;;;
2023;RREO;2;Contribuições Sociais;ContribuicoesSociais;;;;;;;;;;;;;;;;;;
2023;RREO;2;Contribuições Sociais;ContribuicoesSociaisIntra;;;;;;;;;;;;;;;;;;
2023;RREO;2;DESPESAS (EXCETO INTRA-ORÇAMENTÁRIAS) (VIII);DespesasExcetoIntraOrcamentarias;;;;;;;;;;;;;;;;;;
2023;RREO;2;DESPESAS (INTRA-ORÇAMENTÁRIAS) (IX);DespesasIntraOrcamentarias;;;;;;;;;;;;;;;;;;
2023;RREO;2;DESPESAS (INTRA-ORÇAMENTÁRIAS) (IX);DespesasIntraOrcamentariasTotal;;;;;;;;;;;;;;;;;;
2023;RREO;2;DESPESAS CORRENTES;DespesasCorrentes;;;;;;;;;;;;;;;;;;
2023;RREO;2;DESPESAS CORRENTES;DespesasCorrentesIntra;;;;;;;;;;;;;;;;;;
2023;RREO;2;DESPESAS DE CAPITAL;DespesasDeCapital;;;;;;;;;;;;;;;;;;
2023;RREO;2;DESPESAS DE CAPITAL;DespesasDeCapitalIntra;;;;;;;;;;;;;;;;;;
2023;RREO;2;Demais Despesas Correntes;DemaisDespesasCorrentes;;;;;;;;;;;;;;;;;;
2023;RREO;2;Demais Receitas Correntes;ReceitasCorrentesDiversas;;;;;;;;;;;;;;;;;;
2023;RREO;2;Demais Receitas Correntes;ReceitasCorrentesDiversasIntra;;;;;;;;;;;;;;;;;;
2023;RREO;2;Demais Receitas Patrimoniais;OutrasReceitasPatrimoniais;;;;;;;;;;;;;;;;;;
2023;RREO;2;Demais Receitas de Capital;RREO1OutrasReceitasDeCapitalIntra;;;;;;;;;;;;;;;;;;
2023;RREO;2;Demais Transferências de Capital;DemaisTransferenciasDeCapital;;;;;;;;;;;;;;;;;;
2023;RREO;2;Dívida Contratual;AmortizacaoRefinanciamentoDaDividaInternaContratual;;;;;;;;;;;;;;;;;;
2023;RREO;2;Exploração de Recursos Naturais;ExploracaoDeRecursosNaturais;;;;;;;;;;;;;;;;;;
2023;RREO;2;Exploração do Patrimônio Imobiliário do Estado;ReceitasImobiliarias;;;;;;;;;;;;;;;;;;
2023;RREO;2;IMPOSTOS, TAXAS E CONTRIBUIÇÕES DE MELHORIA;ReceitaTributaria;;;;;;;;;;;;;;;;;;
2023;RREO;2;INVERSÕES FINANCEIRAS;InversoesFinanceiras;;;;;;;;;;;;;;;;;;
2023;RREO;2;INVESTIMENTOS;Investimentos;;;;;;;;;;;;;;;;;;
2023;RREO;2;INVESTIMENTOS;InvestimentosIntra;;;;;;;;;;;;;;;;;;
2023;RREO;2;Impostos;Impostos;;;;;;;;;;;;;;;;;;
2023;RREO;2;Indenizações, Restituições e Ressarcimentos;IndenizacoesERestituicoes;;;;;;;;;;;;;;;;;;
2023;RREO;2;JUROS E ENCARGOS DA DÍVIDA;JurosEEncargosDaDivida;;;;;;;;;;;;;;;;;;
2023;RREO;2;Multas Administrativas, Contratuais e Judiciais;MultasEJurosDeMora;;;;;;;;;;;;;;;;;;
2023;RREO;2;OPERAÇÕES DE CRÉDITO;ReceitasDeOperacoesDeCredito;;;;;;;;;;;;;;;;;;
2023;RREO;2;OUTRAS DESPESAS CORRENTES;OutrasDespesasCorrentes;;;;;;;;;;;;;;;;;;
2023;RREO;2;OUTRAS DESPESAS CORRENTES;OutrasDespesasCorrentesIntra;;;;;;;;;;;;;;;;;;
2023;RREO;2;OUTRAS RECEITAS CORRENTES;OutrasReceitasCorrentes;;;;;;;;;;;;;;;;;;
2023;RREO;2;OUTRAS RECEITAS CORRENTES;OutrasReceitasCorrentesIntra;;;;;;;;;;;;;;;;;;
2023;RREO;2;OUTRAS RECEITAS DE CAPITAL;OutrasReceitasDeCapitalIntra;;;;;;;;;;;;;;;;;;
2023;RREO;2;Operações de Crédito - Mercado Interno;OperacoesDeCreditoInternas;;;;;;;;;;;;;;;;;;
2023;RREO;2;Outras Transferências;OutrasTransferenciasCorrentes;;;;;;;;;;;;;;;;;;
2023;RREO;2;Outros Serviços;OutrosServicos;;;;;;;;;;;;;;;;;;
2023;RREO;2;Outros Serviços;OutrosServicosIntra;;;;;;;;;;;;;;;;;;
2023;RREO;2;PESSOAL E ENCARGOS SOCIAIS;PessoalEEncargosSociais;;;;;;;;;;;;;;;;;;
2023;RREO;2;PESSOAL E ENCARGOS SOCIAIS;PessoalEEncargosSociaisIntra;;;;;;;;;;;;;;;;;;
2023;RREO;2;RECEITA DE SERVIÇOS;ReceitaDeServicos;;;;;;;;;;;;;;;;;;
2023;RREO;2;RECEITA DE SERVIÇOS;ReceitaDeServicosIntra;;;;;;;;;;;;;;;;;;
2023;RREO;2;RECEITA PATRIMONIAL;ReceitaPatrimonial;;;;;;;;;;;;;;;;;;
2023;RREO;2;RECEITAS (EXCETO INTRA-ORÇAMENTÁRIAS) (I);ReceitasExcetoIntraOrcamentarias;;;;;;;;;;;;;;;;;;
2023;RREO;2;RECEITAS (INTRA-ORÇAMENTÁRIAS) (II);ReceitasIntraOrcamentarias;;;;;;;;;;;;;;;;;;
2023;RREO;2;RECEITAS (INTRA-ORÇAMENTÁRIAS) (II);ReceitasIntraOrcamentariasTotal;;;;;;;;;;;;;;;;;;
2023;RREO;2;RECEITAS CORRENTES;ReceitasCorrentes;;;;;;;;;;;;;;;;;;
2023;RREO;2;RECEITAS CORRENTES;ReceitasCorrentesIntra;;;;;;;;;;;;;;;;;;
2023;RREO;2;RECEITAS DE CAPITAL;ReceitasDeCapital;;;;;;;;;;;;;;;;;;
2023;RREO;2;RECEITAS DE CAPITAL;ReceitasDeCapitalIntra;;;;;;;;;;;;;;;;;;
2023;RREO;2;RESERVA DE CONTINGÊNCIA;ReservaDeContingencia;;;;;;;;;;;;;;;;;;
2023;RREO;2;SALDOS DE EXERCÍCIOS ANTERIORES;SaldoDeExerciciosAnterioresUtilizadosParaCreditosAdicionais;;;;;;;;;;;;;;;;;;
2023;RREO;2;SUBTOTAL DAS DESPESAS (X) = (VIII + IX);SubtotalDasDespesas;;;;;;;;;;;;;;;;;;
2023;RREO;2;SUBTOTAL DAS RECEITAS (III) = (I + II);SubtotalDasReceitas;;;;;;;;;;;;;;;;;;
2023;RREO;2;SUPERÁVIT (XIII);Superavit;;;;;;;;;;;;;;;;;;
2023;RREO;2;Serviços Administrativos e Comerciais Gerais;ServicosAdministrativosEComerciaisGerais;;;;;;;;;;;;;;;;;;
2023;RREO;2;Serviços e Atividades Referentes à Navegação e ao Transporte;ServicosEAtividadesReferentesANavegacaoEAoTransporte;;;;;;;;;;;;;;;;;;
2023;RREO;2;Superávit Financeiro Utilizado para Créditos Adicionais;SuperavitFinanceiro;;;;;;;;;;;;;;;;;;
2023;RREO;2;TOTAL COM DÉFICIT (VII) = (V + VI);TotalReceitasComDeficit;;;;;;;;;;;;;;;;;;
2023;RREO;2;TOTAL COM SUPERÁVIT (XIV) = (XII + XIII);TotalDespesasComSuperavit;;;;;;;;;;;;;;;;;;
2023;RREO;2;TOTAL DAS DESPESAS (XII) = (X + XI);TotalDespesas;;;;;;;;;;;;;;;;;;
2023;RREO;2;TOTAL DAS RECEITAS (V) = (III + IV);TotalReceitas;;;;;;;;;;;;;;;;;;
2023;RREO;2;TRANSFERÊNCIAS CORRENTES;TransferenciasCorrentes;;;;;;;;;;;;;;;;;;
2023;RREO;2;TRANSFERÊNCIAS DE CAPITAL;TransferenciasDeCapital;;;;;;;;;;;;;;;;;;
2023;RREO;2;Taxas;Taxas;;;;;;;;;;;;;;;;;;
2023;RREO;2;Transferências da União e de suas Entidades;TransferenciasCorrentesDaUniaoEDeSuasEntidades;;;;;;;;;;;;;;;;;;
2023;RREO;2;Transferências da União e de suas Entidades;TransferenciasDeCapitalDaUniaoEDeSuasEntidades;;;;;;;;;;;;;;;;;;
2023;RREO;2;Transferências de Instituições Privadas;TransferenciasCorrentesDeInstituicoesPrivadas;;;;;;;;;;;;;;;;;;
2023;RREO;2;Transferências de Instituições Privadas;TransferenciasDeCapitalDeInstituicoesPrivadas;;;;;;;;;;;;;;;;;;
2023;RREO;2;Transferências de Outras Instituições Públicas;TransferenciasCorrentesDeOutrasInstituicoesPublicas;;;;;;;;;;;;;;;;;;
2023;RREO;2;Transferências dos Estados e do Distrito Federal e de suas Entidades;TransferenciasCorrentesDosEstadosEDoDistritoFederalEDeSuasEntidades;;;;;;;;;;;;;;;;;;
2023;RREO;2;Transferências dos Municípios e de suas Entidades;TransferenciasCorrentesDosMunicipiosEDeSuasEntidades;;;;;;;;;;;;;;;;;;
2023;RREO;2;Valores Mobiliários;ReceitasDeValoresMobiliarios;;;;;;;;;;;;;;;;;;
2023;RREO;3;ALIENAÇÃO DE BENS;AlienacaoDeBens;;;;;;;;;;;;;;;;;;
2023;RREO;3;AMORTIZAÇÃO DA DÍVIDA;AmortizacaoDaDivida;;;;;;;;;;;;;;;;;;
2023;RREO;3;AMORTIZAÇÃO DA DÍVIDA / REFINANCIAMENTO (XI);AmortizacaoRefinanciamentoDaDivida;;;;;;;;;;;;;;;;;;
2023;RREO;3;Alienação de Bens Imóveis;AlienacaoDeBensImoveis;;;;;;;;;;;;;;;;;;
2023;RREO;3;Alienação de Bens Móveis;AlienacaoDeBensMoveis;;;;;;;;;;;;;;;;;;
2023;RREO;3;Amortização da Dívida Interna;AmortizacaoRefinanciamentoDaDividaInterna;;;;;;;;;;;;;;;;;;
2023;RREO;3;CONTRIBUIÇÕES;ReceitaDeContribuicoes;;;;;;;;;;;;;;;;;;
2023;RREO;3;CONTRIBUIÇÕES;ReceitaDeContribuicoesIntra;;;;;;;;;;;;;;;;;;
2023;RREO;3;Cessão de Direitos;ReceitaDaCessaoDeDireitos;;;;;;;;;;;;;;;;;;
2023;RREO;3;Contribuições Sociais;ContribuicoesSociais;;;;;;;;;;;;;;;;;;
2023;RREO;3;Contribuições Sociais;ContribuicoesSociaisIntra;;;;;;;;;;;;;;;;;;
2023;RREO;3;DESPESAS (EXCETO INTRA-ORÇAMENTÁRIAS) (VIII);DespesasExcetoIntraOrcamentarias;;;;;;;;;;;;;;;;;;
2023;RREO;3;DESPESAS (INTRA-ORÇAMENTÁRIAS) (IX);DespesasIntraOrcamentarias;;;;;;;;;;;;;;;;;;
2023;RREO;3;DESPESAS (INTRA-ORÇAMENTÁRIAS) (IX);DespesasIntraOrcamentariasTotal;;;;;;;;;;;;;;;;;;
2023;RREO;3;DESPESAS CORRENTES;DespesasCorrentes;;;;;;;;;;;;;;;;;;
2023;RREO;3;DESPESAS CORRENTES;DespesasCorrentesIntra;;;;;;;;;;;;;;;;;;
2023;RREO;3;DESPESAS DE CAPITAL;DespesasDeCapital;;;;;;;;;;;;;;;;;;
2023;RREO;3;DESPESAS DE CAPITAL;DespesasDeCapitalIntra;;;;;;;;;;;;;;;;;;
2023;RREO;3;Demais Despesas Correntes;DemaisDespesasCorrentes;;;;;;;;;;;;;;;;;;
2023;RREO;3;Demais Receitas Correntes;ReceitasCorrentesDiversas;;;;;;;;;;;;;;;;;;
2023;RREO;3;Demais Receitas Correntes;ReceitasCorrentesDiversasIntra;;;;;;;;;;;;;;;;;;
2023;RREO;3;Demais Receitas Patrimoniais;OutrasReceitasPatrimoniais;;;;;;;;;;;;;;;;;;
2023;RREO;3;Demais Receitas de Capital;RREO1OutrasReceitasDeCapitalIntra;;;;;;;;;;;;;;;;;;
2023;RREO;3;Demais Transferências de Capital;DemaisTransferenciasDeCapital;;;;;;;;;;;;;;;;;;
2023;RREO;3;Dívida Contratual;AmortizacaoRefinanciamentoDaDividaInternaContratual;;;;;;;;;;;;;;;;;;
2023;RREO;3;Exploração de Recursos Naturais;ExploracaoDeRecursosNaturais;;;;;;;;;;;;;;;;;;
2023;RREO;3;Exploração do Patrimônio Imobiliário do Estado;ReceitasImobiliarias;;;;;;;;;;;;;;;;;;
2023;RREO;3;IMPOSTOS, TAXAS E CONTRIBUIÇÕES DE MELHORIA;ReceitaTributaria;;;;;;;;;;;;;;;;;;
2023;RREO;3;INVERSÕES FINANCEIRAS;InversoesFinanceiras;;;;;;;;;;;;;;;;;;
2023;RREO;3;INVESTIMENTOS;Investimentos;;;;;;;;;;;;;;;;;;
2023;RREO;3;INVESTIMENTOS;InvestimentosIntra;;;;;;;;;;;;;;;;;;
2023;RREO;3;Impostos;Impostos;;;;;;;;;;;;;;;;;;
2023;RREO;3;Indenizações, Restituições e Ressarcimentos;IndenizacoesERestituicoes;;;;;;;;;;;;;;;;;;
2023;RREO;3;JUROS E ENCARGOS DA DÍVIDA;JurosEEncargosDaDivida;;;;;;;;;;;;;;;;;;
2023;RREO;3;Multas Administrativas, Contratuais e Judiciais;MultasEJurosDeMora;;;;;;;;;;;;;;;;;;
2023;RREO;3;OPERAÇÕES DE CRÉDITO;ReceitasDeOperacoesDeCredito;;;;;;;;;;;;;;;;;;
2023;RREO;3;OUTRAS DESPESAS CORRENTES;OutrasDespesasCorrentes;;;;;;;;;;;;;;;;;;
2023;RREO;3;OUTRAS DESPESAS CORRENTES;OutrasDespesasCorrentesIntra;;;;;;;;;;;;;;;;;;
2023;RREO;3;OUTRAS RECEITAS CORRENTES;OutrasReceitasCorrentes;;;;;;;;;;;;;;;;;;
2023;RREO;3;OUTRAS RECEITAS CORRENTES;OutrasReceitasCorrentesIntra;;;;;;;;;;;;;;;;;;
2023;RREO;3;OUTRAS RECEITAS DE CAPITAL;OutrasReceitasDeCapitalIntra;;;;;;;;;;;;;;;;;;
2023;RREO;3;Operações de Crédito - Mercado Interno;OperacoesDeCreditoInternas;;;;;;;;;;;;;;;;;;
2023;RREO;3;Outras Transferências;OutrasTransferenciasCorrentes;;;;;;;;;;;;;;;;;;
2023;RREO;3;Outros Serviços;OutrosServicos;;;;;;;;;;;;;;;;;;
2023;RREO;3;Outros Serviços;OutrosServicosIntra;;;;;;;;;;;;;;;;;;
2023;RREO;3;PESSOAL E ENCARGOS SOCIAIS;PessoalEEncargosSociais;;;;;;;;;;;;;;;;;;
2023;RREO;3;PESSOAL E ENCARGOS SOCIAIS;PessoalEEncargosSociaisIntra;;;;;;;;;;;;;;;;;;
2023;RREO;3;RECEITA DE SERVIÇOS;ReceitaDeServicos;;;;;;;;;;;;;;;;;;
2023;RREO;3;RECEITA DE SERVIÇOS;ReceitaDeServicosIntra;;;;;;;;;;;;;;;;;;
2023;RREO;3;RECEITA PATRIMONIAL;ReceitaPatrimonial;;;;;;;;;;;;;;;;;;
2023;RREO;3;RECEITAS (EXCETO INTRA-ORÇAMENTÁRIAS) (I);ReceitasExcetoIntraOrcamentarias;;;;;;;;;;;;;;;;;;
2023;RREO;3;RECEITAS (INTRA-ORÇAMENTÁRIAS) (II);ReceitasIntraOrcamentarias;;;;;;;;;;;;;;;;;;
2023;RREO;3;RECEITAS (INTRA-ORÇAMENTÁRIAS) (II);ReceitasIntraOrcamentariasTotal;;;;;;;;;;;;;;;;;;
2023;RREO;3;RECEITAS CORRENTES;ReceitasCorrentes;;;;;;;;;;;;;;;;;;
2023;RREO;3;RECEITAS CORRENTES;ReceitasCorrentesIntra;;;;;;;;;;;;;;;;;;
2023;RREO;3;RECEITAS DE CAPITAL;ReceitasDeCapital;;;;;;;;;;;;;;;;;;
2023;RREO;3;RECEITAS DE CAPITAL;ReceitasDeCapitalIntra;;;;;;;;;;;;;;;;;;
2023;RREO;3;RESERVA DE CONTINGÊNCIA;ReservaDeContingencia;;;;;;;;;;;;;;;;;;
2023;RREO;3;SALDOS DE EXERCÍCIOS ANTERIORES;SaldoDeExerciciosAnterioresUtilizadosParaCreditosAdicionais;;;;;;;;;;;;;;;;;;
2023;RREO;3;SUBTOTAL DAS DESPESAS (X) = (VIII + IX);SubtotalDasDespesas;;;;;;;;;;;;;;;;;;
2023;RREO;3;SUBTOTAL DAS RECEITAS (III) = (I + II);SubtotalDasReceitas;;;;;;;;;;;;;;;;;;
2023;RREO;3;SUPERÁVIT (XIII);Superavit;;;;;;;;;;;;;;;;;;
2023;RREO;3;Serviços Administrativos e Comerciais Gerais;ServicosAdministrativosEComerciaisGerais;;;;;;;;;;;;;;;;;;
2023;RREO;3;Serviços Administrativos e Comerciais Gerais;ServicosAdministrativosEComerciaisGeraisIntra;;;;;;;;;;;;;;;;;;
2023;RREO;3;Serviços e Atividades Referentes à Navegação e ao Transporte;ServicosEAtividadesReferentesANavegacaoEAoTransporte;;;;;;;;;;;;;;;;;;
2023;RREO;3;Superávit Financeiro Utilizado para Créditos Adicionais;SuperavitFinanceiro;;;;;;;;;;;;;;;;;;
2023;RREO;3;TOTAL COM DÉFICIT (VII) = (V + VI);TotalReceitasComDeficit;;;;;;;;;;;;;;;;;;
2023;RREO;3;TOTAL COM SUPERÁVIT (XIV) = (XII + XIII);TotalDespesasComSuperavit;;;;;;;;;;;;;;;;;;
2023;RREO;3;TOTAL DAS DESPESAS (XII) = (X + XI);TotalDespesas;;;;;;;;;;;;;;;;;;
2023;RREO;3;TOTAL DAS RECEITAS (V) = (III + IV);TotalReceitas;;;;;;;;;;;;;;;;;;
2023;RREO;3;TRANSFERÊNCIAS CORRENTES;TransferenciasCorrentes;;;;;;;;;;;;;;;;;;
2023;RREO;3;TRANSFERÊNCIAS DE CAPITAL;TransferenciasDeCapital;;;;;;;;;;;;;;;;;;
2023;RREO;3;Taxas;Taxas;;;;;;;;;;;;;;;;;;
2023;RREO;3;Transferências da União e de suas Entidades;TransferenciasCorrentesDaUniaoEDeSuasEntidades;;;;;;;;;;;;;;;;;;
2023;RREO;3;Transferências da União e de suas Entidades;TransferenciasDeCapitalDaUniaoEDeSuasEntidades;;;;;;;;;;;;;;;;;;
2023;RREO;3;Transferências de Instituições Privadas;TransferenciasCorrentesDeInstituicoesPrivadas;;;;;;;;;;;;;;;;;;
2023;RREO;3;Transferências de Instituições Privadas;TransferenciasDeCapitalDeInstituicoesPrivadas;;;;;;;;;;;;;;;;;;
2023;RREO;3;Transferências de Outras Instituições Públicas;TransferenciasCorrentesDeOutrasInstituicoesPublicas;;;;;;;;;;;;;;;;;;
2023;RREO;3;Transferências dos Estados e do Distrito Federal e de suas Entidades;TransferenciasCorrentesDosEstadosEDoDistritoFederalEDeSuasEntidades;;;;;;;;;;;;;;;;;;
2023;RREO;3;Transferências dos Municípios e de suas Entidades;TransferenciasCorrentesDosMunicipiosEDeSuasEntidades;;;;;;;;;;;;;;;;;;
2023;RREO;3;Valores Mobiliários;ReceitasDeValoresMobiliarios;;;;;;;;;;;;;;;;;;
2023;RREO;4;ALIENAÇÃO DE BENS;AlienacaoDeBens;;;;;;;;;;;;;;;;;;
2023;RREO;4;ALIENAÇÃO DE BENS;AlienacaoDeBensIntra;;;;;;;;;;;;;;;;;;
2023;RREO;4;AMORTIZAÇÃO DA DÍVIDA;AmortizacaoDaDivida;;;;;;;;;;;;;;;;;;
2023;RREO;4;AMORTIZAÇÃO DA DÍVIDA / REFINANCIAMENTO (XI);AmortizacaoRefinanciamentoDaDivida;;;;;;;;;;;;;;;;;;
2023;RREO;4;Alienação de Bens Imóveis;AlienacaoDeBensImoveis;;;;;;;;;;;;;;;;;;
2023;RREO;4;Alienação de Bens Imóveis;AlienacaoDeBensImoveisIntra;;;;;;;;;;;;;;;;;;
2023;RREO;4;Alienação de Bens Móveis;AlienacaoDeBensMoveis;;;;;;;;;;;;;;;;;;
2023;RREO;4;Amortização da Dívida Interna;AmortizacaoRefinanciamentoDaDividaInterna;;;;;;;;;;;;;;;;;;
2023;RREO;4;CONTRIBUIÇÕES;ReceitaDeContribuicoes;;;;;;;;;;;;;;;;;;
2023;RREO;4;CONTRIBUIÇÕES;ReceitaDeContribuicoesIntra;;;;;;;;;;;;;;;;;;
2023;RREO;4;Cessão de Direitos;ReceitaDaCessaoDeDireitos;;;;;;;;;;;;;;;;;;
2023;RREO;4;Contribuições Sociais;ContribuicoesSociais;;;;;;;;;;;;;;;;;;
2023;RREO;4;Contribuições Sociais;ContribuicoesSociaisIntra;;;;;;;;;;;;;;;;;;
2023;RREO;4;DESPESAS (EXCETO INTRA-ORÇAMENTÁRIAS) (VIII);DespesasExcetoIntraOrcamentarias;;;;;;;;;;;;;;;;;;
2023;RREO;4;DESPESAS (INTRA-ORÇAMENTÁRIAS) (IX);DespesasIntraOrcamentarias;;;;;;;;;;;;;;;;;;
2023;RREO;4;DESPESAS (INTRA-ORÇAMENTÁRIAS) (IX);DespesasIntraOrcamentariasTotal;;;;;;;;;;;;;;;;;;
2023;RREO;4;DESPESAS CORRENTES;DespesasCorrentes;;;;;;;;;;;;;;;;;;
2023;RREO;4;DESPESAS CORRENTES;DespesasCorrentesIntra;;;;;;;;;;;;;;;;;;
2023;RREO;4;DESPESAS DE CAPITAL;DespesasDeCapital;;;;;;;;;;;;;;;;;;
2023;RREO;4;DESPESAS DE CAPITAL;DespesasDeCapitalIntra;;;;;;;;;;;;;;;;;;
2023;RREO;4;Demais Despesas Correntes;DemaisDespesasCorrentes;;;;;;;;;;;;;;;;;;
2023;RREO;4;Demais Receitas Correntes;ReceitasCorrentesDiversas;;;;;;;;;;;;;;;;;;
2023;RREO;4;Demais Receitas Correntes;ReceitasCorrentesDiversasIntra;;;;;;;;;;;;;;;;;;
2023;RREO;4;Demais Receitas Patrimoniais;OutrasReceitasPatrimoniais;;;;;;;;;;;;;;;;;;
2023;RREO;4;Demais Receitas de Capital;RREO1OutrasReceitasDeCapitalIntra;;;;;;;;;;;;;;;;;;
2023;RREO;4;Demais Transferências de Capital;DemaisTransferenciasDeCapital;;;;;;;;;;;;;;;;;;
2023;RREO;4;Dívida Contratual;AmortizacaoRefinanciamentoDaDividaInternaContratual;;;;;;;;;;;;;;;;;;
2023;RREO;4;Exploração de Recursos Naturais;ExploracaoDeRecursosNaturais;;;;;;;;;;;;;;;;;;
2023;RREO;4;Exploração do Patrimônio Imobiliário do Estado;ReceitasImobiliarias;;;;;;;;;;;;;;;;;;
2023;RREO;4;IMPOSTOS, TAXAS E CONTRIBUIÇÕES DE MELHORIA;ReceitaTributaria;;;;;;;;;;;;;;;;;;
2023;RREO;4;INVERSÕES FINANCEIRAS;InversoesFinanceiras;;;;;;;;;;;;;;;;;;
2023;RREO;4;INVESTIMENTOS;Investimentos;;;;;;;;;;;;;;;;;;
2023;RREO;4;INVESTIMENTOS;InvestimentosIntra;;;;;;;;;;;;;;;;;;
2023;RREO;4;Impostos;Impostos;;;;;;;;;;;;;;;;;;
2023;RREO;4;Indenizações, Restituições e Ressarcimentos;IndenizacoesERestituicoes;;;;;;;;;;;;;;;;;;
2023;RREO;4;JUROS E ENCARGOS DA DÍVIDA;JurosEEncargosDaDivida;;;;;;;;;;;;;;;;;;
2023;RREO;4;Multas Administrativas, Contratuais e Judiciais;MultasEJurosDeMora;;;;;;;;;;;;;;;;;;
2023;RREO;4;OPERAÇÕES DE CRÉDITO;ReceitasDeOperacoesDeCredito;;;;;;;;;;;;;;;;;;
2023;RREO;4;OUTRAS DESPESAS CORRENTES;OutrasDespesasCorrentes;;;;;;;;;;;;;;;;;;
2023;RREO;4;OUTRAS DESPESAS CORRENTES;OutrasDespesasCorrentesIntra;;;;;;;;;;;;;;;;;;
2023;RREO;4;OUTRAS RECEITAS CORRENTES;OutrasReceitasCorrentes;;;;;;;;;;;;;;;;;;
2023;RREO;4;OUTRAS RECEITAS CORRENTES;OutrasReceitasCorrentesIntra;;;;;;;;;;;;;;;;;;
2023;RREO;4;OUTRAS RECEITAS DE CAPITAL;OutrasReceitasDeCapitalIntra;;;;;;;;;;;;;;;;;;
2023;RREO;4;Operações de Crédito - Mercado Interno;OperacoesDeCreditoInternas;;;;;;;;;;;;;;;;;;
2023;RREO;4;Outras Transferências;OutrasTransferenciasCorrentes;;;;;;;;;;;;;;;;;;
2023;RREO;4;Outros Serviços;OutrosServicos;;;;;;;;;;;;;;;;;;
2023;RREO;4;Outros Serviços;OutrosServicosIntra;;;;;;;;;;;;;;;;;;
2023;RREO;4;PESSOAL E ENCARGOS SOCIAIS;PessoalEEncargosSociais;;;;;;;;;;;;;;;;;;
2023;RREO;4;PESSOAL E ENCARGOS SOCIAIS;PessoalEEncargosSociaisIntra;;;;;;;;;;;;;;;;;;
2023;RREO;4;RECEITA DE SERVIÇOS;ReceitaDeServicos;;;;;;;;;;;;;;;;;;
2023;RREO;4;RECEITA DE SERVIÇOS;ReceitaDeServicosIntra;;;;;;;;;;;;;;;;;;
2023;RREO;4;RECEITA PATRIMONIAL;ReceitaPatrimonial;;;;;;;;;;;;;;;;;;
2023;RREO;4;RECEITAS (EXCETO INTRA-ORÇAMENTÁRIAS) (I);ReceitasExcetoIntraOrcamentarias;;;;;;;;;;;;;;;;;;
2023;RREO;4;RECEITAS (INTRA-ORÇAMENTÁRIAS) (II);ReceitasIntraOrcamentarias;;;;;;;;;;;;;;;;;;
2023;RREO;4;RECEITAS (INTRA-ORÇAMENTÁRIAS) (II);ReceitasIntraOrcamentariasTotal;;;;;;;;;;;;;;;;;;
2023;RREO;4;RECEITAS CORRENTES;ReceitasCorrentes;;;;;;;;;;;;;;;;;;
2023;RREO;4;RECEITAS CORRENTES;ReceitasCorrentesIntra;;;;;;;;;;;;;;;;;;
2023;RREO;4;RECEITAS DE CAPITAL;ReceitasDeCapital;;;;;;;;;;;;;;;;;;
2023;RREO;4;RECEITAS DE CAPITAL;ReceitasDeCapitalIntra;;;;;;;;;;;;;;;;;;
2023;RREO;4;RESERVA DE CONTINGÊNCIA;ReservaDeContingencia;;;;;;;;;;;;;;;;;;
2023;RREO;4;SALDOS DE EXERCÍCIOS ANTERIORES;SaldoDeExerciciosAnterioresUtilizadosParaCreditosAdicionais;;;;;;;;;;;;;;;;;;
2023;RREO;4;SUBTOTAL DAS DESPESAS (X) = (VIII + IX);SubtotalDasDespesas;;;;;;;;;;;;;;;;;;
2023;RREO;4;SUBTOTAL DAS RECEITAS (III) = (I + II);SubtotalDasReceitas;;;;;;;;;;;;;;;;;;
2023;RREO;4;SUPERÁVIT (XIII);Superavit;;;;;;;;;;;;;;;;;;
2023;RREO;4;Serviços Administrativos e Comerciais Gerais;ServicosAdministrativosEComerciaisGerais;;;;;;;;;;;;;;;;;;
2023;RREO;4;Serviços Administrativos e Comerciais Gerais;ServicosAdministrativosEComerciaisGeraisIntra;;;;;;;;;;;;;;;;;;
2023;RREO;4;Serviços e Atividades Referentes à Navegação e ao Transporte;ServicosEAtividadesReferentesANavegacaoEAoTransporte;;;;;;;;;;;;;;;;;;
2023;RREO;4;Superávit Financeiro Utilizado para Créditos Adicionais;SuperavitFinanceiro;;;;;;;;;;;;;;;;;;
2023;RREO;4;TOTAL COM DÉFICIT (VII) = (V + VI);TotalReceitasComDeficit;;;;;;;;;;;;;;;;;;
2023;RREO;4;TOTAL COM SUPERÁVIT (XIV) = (XII + XIII);TotalDespesasComSuperavit;;;;;;;;;;;;;;;;;;
2023;RREO;4;TOTAL DAS DESPESAS (XII) = (X + XI);TotalDespesas;;;;;;;;;;;;;;;;;;
2023;RREO;4;TOTAL DAS RECEITAS (V) = (III + IV);TotalReceitas;;;;;;;;;;;;;;;;;;
2023;RREO;4;TRANSFERÊNCIAS CORRENTES;TransferenciasCorrentes;;;;;;;;;;;;;;;;;;
2023;RREO;4;TRANSFERÊNCIAS DE CAPITAL;TransferenciasDeCapital;;;;;;;;;;;;;;;;;;
2023;RREO;4;Taxas;Taxas;;;;;;;;;;;;;;;;;;
2023;RREO;4;Transferências da União e de suas Entidades;TransferenciasCorrentesDaUniaoEDeSuasEntidades;;;;;;;;;;;;;;;;;;
2023;RREO;4;Transferências da União e de suas Entidades;TransferenciasDeCapitalDaUniaoEDeSuasEntidades;;;;;;;;;;;;;;;;;;
2023;RREO;4;Transferências de Instituições Privadas;TransferenciasCorrentesDeInstituicoesPrivadas;;;;;;;;;;;;;;;;;;
2023;RREO;4;Transferências de Instituições Privadas;TransferenciasDeCapitalDeInstituicoesPrivadas;;;;;;;;;;;;;;;;;;
2023;RREO;4;Transferências de Outras Instituições Públicas;TransferenciasCorrentesDeOutrasInstituicoesPublicas;;;;;;;;;;;;;;;;;;
2023;RREO;4;Transferências dos Estados e do Distrito Federal e de suas Entidades;TransferenciasCorrentesDosEstadosEDoDistritoFederalEDeSuasEntidades;;;;;;;;;;;;;;;;;;
2023;RREO;4;Transferências dos Municípios e de suas Entidades;TransferenciasCorrentesDosMunicipiosEDeSuasEntidades;;;;;;;;;;;;;;;;;;
2023;RREO;4;Valores Mobiliários;ReceitasDeValoresMobiliarios;;;;;;;;;;;;;;;;;;
2023;RREO;5;ALIENAÇÃO DE BENS;AlienacaoDeBens;;;;;;;;;;;;;;;;;;
2023;RREO;5;ALIENAÇÃO DE BENS;AlienacaoDeBensIntra;;;;;;;;;;;;;;;;;;
2023;RREO;5;AMORTIZAÇÃO DA DÍVIDA;AmortizacaoDaDivida;;;;;;;;;;;;;;;;;;
2023;RREO;5;AMORTIZAÇÃO DA DÍVIDA / REFINANCIAMENTO (XI);AmortizacaoRefinanciamentoDaDivida;;;;;;;;;;;;;;;;;;
2023;RREO;5;Alienação de Bens Imóveis;AlienacaoDeBensImoveis;;;;;;;;;;;;;;;;;;
2023;RREO;5;Alienação de Bens Imóveis;AlienacaoDeBensImoveisIntra;;;;;;;;;;;;;;;;;;
2023;RREO;5;Alienação de Bens Móveis;AlienacaoDeBensMoveis;;;;;;;;;;;;;;;;;;
2023;RREO;5;Amortização da Dívida Interna;AmortizacaoRefinanciamentoDaDividaInterna;;;;;;;;;;;;;;;;;;
2023;RREO;5;CONTRIBUIÇÕES;ReceitaDeContribuicoes;;;;;;;;;;;;;;;;;;
2023;RREO;5;CONTRIBUIÇÕES;ReceitaDeContribuicoesIntra;;;;;;;;;;;;;;;;;;
2023;RREO;5;Cessão de Direitos;ReceitaDaCessaoDeDireitos;;;;;;;;;;;;;;;;;;
2023;RREO;5;Contribuições Sociais;ContribuicoesSociais;;;;;;;;;;;;;;;;;;
2023;RREO;5;Contribuições Sociais;ContribuicoesSociaisIntra;;;;;;;;;;;;;;;;;;
2023;RREO;5;DESPESAS (EXCETO INTRA-ORÇAMENTÁRIAS) (VIII);DespesasExcetoIntraOrcamentarias;;;;;;;;;;;;;;;;;;
2023;RREO;5;DESPESAS (INTRA-ORÇAMENTÁRIAS) (IX);DespesasIntraOrcamentarias;;;;;;;;;;;;;;;;;;
2023;RREO;5;DESPESAS (INTRA-ORÇAMENTÁRIAS) (IX);DespesasIntraOrcamentariasTotal;;;;;;;;;;;;;;;;;;
2023;RREO;5;DESPESAS CORRENTES;DespesasCorrentes;;;;;;;;;;;;;;;;;;
2023;RREO;5;DESPESAS CORRENTES;DespesasCorrentesIntra;;;;;;;;;;;;;;;;;;
2023;RREO;5;DESPESAS DE CAPITAL;DespesasDeCapital;;;;;;;;;;;;;;;;;;
2023;RREO;5;DESPESAS DE CAPITAL;DespesasDeCapitalIntra;;;;;;;;;;;;;;;;;;
2023;RREO;5;Demais Despesas Correntes;DemaisDespesasCorrentes;;;;;;;;;;;;;;;;;;
2023;RREO;5;Demais Receitas Correntes;ReceitasCorrentesDiversas;;;;;;;;;;;;;;;;;;
2023;RREO;5;Demais Receitas Correntes;ReceitasCorrentesDiversasIntra;;;;;;;;;;;;;;;;;;
2023;RREO;5;Demais Receitas Patrimoniais;OutrasReceitasPatrimoniais;;;;;;;;;;;;;;;;;;
2023;RREO;5;Demais Receitas de Capital;RREO1OutrasReceitasDeCapitalIntra;;;;;;;;;;;;;;;;;;
2023;RREO;5;Demais Transferências de Capital;DemaisTransferenciasDeCapital;;;;;;;;;;;;;;;;;;
2023;RREO;5;Dívida Contratual;AmortizacaoRefinanciamentoDaDividaInternaContratual;;;;;;;;;;;;;;;;;;
2023;RREO;5;Exploração de Recursos Naturais;ExploracaoDeRecursosNaturais;;;;;;;;;;;;;;;;;;
2023;RREO;5;Exploração do Patrimônio Imobiliário do Estado;ReceitasImobiliarias;;;;;;;;;;;;;;;;;;
2023;RREO;5;IMPOSTOS, TAXAS E CONTRIBUIÇÕES DE MELHORIA;ReceitaTributaria;;;;;;;;;;;;;;;;;;
2023;RREO;5;INVERSÕES FINANCEIRAS;InversoesFinanceiras;;;;;;;;;;;;;;;;;;
2023;RREO;5;INVESTIMENTOS;Investimentos;;;;;;;;;;;;;;;;;;
2023;RREO;5;INVESTIMENTOS;InvestimentosIntra;;;;;;;;;;;;;;;;;;
2023;RREO;5;Impostos;Impostos;;;;;;;;;;;;;;;;;;
2023;RREO;5;Indenizações, Restituições e Ressarcimentos;IndenizacoesERestituicoes;;;;;;;;;;;;;;;;;;
2023;RREO;5;JUROS E ENCARGOS DA DÍVIDA;JurosEEncargosDaDivida;;;;;;;;;;;;;;;;;;
2023;RREO;5;Multas Administrativas, Contratuais e Judiciais;MultasEJurosDeMora;;;;;;;;;;;;;;;;;;
2023;RREO;5;OPERAÇÕES DE CRÉDITO;ReceitasDeOperacoesDeCredito;;;;;;;;;;;;;;;;;;
2023;RREO;5;OUTRAS DESPESAS CORRENTES;OutrasDespesasCorrentes;;;;;;;;;;;;;;;;;;
2023;RREO;5;OUTRAS DESPESAS CORRENTES;OutrasDespesasCorrentesIntra;;;;;;;;;;;;;;;;;;
2023;RREO;5;OUTRAS RECEITAS CORRENTES;OutrasReceitasCorrentes;;;;;;;;;;;;;;;;;;
2023;RREO;5;OUTRAS RECEITAS CORRENTES;OutrasReceitasCorrentesIntra;;;;;;;;;;;;;;;;;;
2023;RREO;5;OUTRAS RECEITAS DE CAPITAL;OutrasReceitasDeCapitalIntra;;;;;;;;;;;;;;;;;;
2023;RREO;5;Operações de Crédito - Mercado Interno;OperacoesDeCreditoInternas;;;;;;;;;;;;;;;;;;
2023;RREO;5;Outras Transferências;OutrasTransferenciasCorrentes;;;;;;;;;;;;;;;;;;
2023;RREO;5;Outros Serviços;OutrosServicos;;;;;;;;;;;;;;;;;;
2023;RREO;5;Outros Serviços;OutrosServicosIntra;;;;;;;;;;;;;;;;;;
2023;RREO;5;PESSOAL E ENCARGOS SOCIAIS;PessoalEEncargosSociais;;;;;;;;;;;;;;;;;;
2023;RREO;5;PESSOAL E ENCARGOS SOCIAIS;PessoalEEncargosSociaisIntra;;;;;;;;;;;;;;;;;;
2023;RREO;5;RECEITA DE SERVIÇOS;ReceitaDeServicos;;;;;;;;;;;;;;;;;;
2023;RREO;5;RECEITA DE SERVIÇOS;ReceitaDeServicosIntra;;;;;;;;;;;;;;;;;;
2023;RREO;5;RECEITA PATRIMONIAL;ReceitaPatrimonial;;;;;;;;;;;;;;;;;;
2023;RREO;5;RECEITAS (EXCETO INTRA-ORÇAMENTÁRIAS) (I);ReceitasExcetoIntraOrcamentarias;;;;;;;;;;;;;;;;;;
2023;RREO;5;RECEITAS (INTRA-ORÇAMENTÁRIAS) (II);ReceitasIntraOrcamentarias;;;;;;;;;;;;;;;;;;
2023;RREO;5;RECEITAS (INTRA-ORÇAMENTÁRIAS) (II);ReceitasIntraOrcamentariasTotal;;;;;;;;;;;;;;;;;;
2023;RREO;5;RECEITAS CORRENTES;ReceitasCorrentes;;;;;;;;;;;;;;;;;;
2023;RREO;5;RECEITAS CORRENTES;ReceitasCorrentesIntra;;;;;;;;;;;;;;;;;;
2023;RREO;5;RECEITAS DE CAPITAL;ReceitasDeCapital;;;;;;;;;;;;;;;;;;
2023;RREO;5;RECEITAS DE CAPITAL;ReceitasDeCapitalIntra;;;;;;;;;;;;;;;;;;
2023;RREO;5;RESERVA DE CONTINGÊNCIA;ReservaDeContingencia;;;;;;;;;;;;;;;;;;
2023;RREO;5;SALDOS DE EXERCÍCIOS ANTERIORES;SaldoDeExerciciosAnterioresUtilizadosParaCreditosAdicionais;;;;;;;;;;;;;;;;;;
2023;RREO;5;SUBTOTAL DAS DESPESAS (X) = (VIII + IX);SubtotalDasDespesas;;;;;;;;;;;;;;;;;;
2023;RREO;5;SUBTOTAL DAS RECEITAS (III) = (I + II);SubtotalDasReceitas;;;;;;;;;;;;;;;;;;
2023;RREO;5;SUPERÁVIT (XIII);Superavit;;;;;;;;;;;;;;;;;;
2023;RREO;5;Serviços Administrativos e Comerciais Gerais;ServicosAdministrativosEComerciaisGerais;;;;;;;;;;;;;;;;;;
2023;RREO;5;Serviços Administrativos e Comerciais Gerais;ServicosAdministrativosEComerciaisGeraisIntra;;;;;;;;;;;;;;;;;;
2023;RREO;5;Serviços e Atividades Referentes à Navegação e ao Transporte;ServicosEAtividadesReferentesANavegacaoEAoTransporte;;;;;;;;;;;;;;;;;;
2023;RREO;5;Superávit Financeiro Utilizado para Créditos Adicionais;SuperavitFinanceiro;;;;;;;;;;;;;;;;;;
2023;RREO;5;TOTAL COM DÉFICIT (VII) = (V + VI);TotalReceitasComDeficit;;;;;;;;;;;;;;;;;;
2023;RREO;5;TOTAL COM SUPERÁVIT (XIV) = (XII + XIII);TotalDespesasComSuperavit;;;;;;;;;;;;;;;;;;
2023;RREO;5;TOTAL DAS DESPESAS (XII) = (X + XI);TotalDespesas;;;;;;;;;;;;;;;;;;
2023;RREO;5;TOTAL DAS RECEITAS (V) = (III + IV);TotalReceitas;;;;;;;;;;;;;;;;;;
2023;RREO;5;TRANSFERÊNCIAS CORRENTES;TransferenciasCorrentes;;;;;;;;;;;;;;;;;;
2023;RREO;5;TRANSFERÊNCIAS DE CAPITAL;TransferenciasDeCapital;;;;;;;;;;;;;;;;;;
2023;RREO;5;Taxas;Taxas;;;;;;;;;;;;;;;;;;
2023;RREO;5;Transferências da União e de suas Entidades;TransferenciasCorrentesDaUniaoEDeSuasEntidades;;;;;;;;;;;;;;;;;;
2023;RREO;5;Transferências da União e de suas Entidades;TransferenciasDeCapitalDaUniaoEDeSuasEntidades;;;;;;;;;;;;;;;;;;
2023;RREO;5;Transferências de Instituições Privadas;TransferenciasCorrentesDeInstituicoesPrivadas;;;;;;;;;;;;;;;;;;
2023;RREO;5;Transferências de Instituições Privadas;TransferenciasDeCapitalDeInstituicoesPrivadas;;;;;;;;;;;;;;;;;;
2023;RREO;5;Transferências de Outras Instituições Públicas;TransferenciasCorrentesDeOutrasInstituicoesPublicas;;;;;;;;;;;;;;;;;;
2023;RREO;5;Transferências dos Estados e do Distrito Federal e de suas Entidades;TransferenciasCorrentesDosEstadosEDoDistritoFederalEDeSuasEntidades;;;;;;;;;;;;;;;;;;
2023;RREO;5;Transferências dos Municípios e de suas Entidades;TransferenciasCorrentesDosMunicipiosEDeSuasEntidades;;;;;;;;;;;;;;;;;;
2023;RREO;5;Valores Mobiliários;ReceitasDeValoresMobiliarios;;;;;;;;;;;;;;;;;;
2023;RREO;6;ALIENAÇÃO DE BENS;AlienacaoDeBens;;;;;;;;;;;;;;;;;;
2023;RREO;6;ALIENAÇÃO DE BENS;AlienacaoDeBensIntra;;;;;;;;;;;;;;;;;;
2023;RREO;6;AMORTIZAÇÃO DA DÍVIDA;AmortizacaoDaDivida;;;;;;;;;;;;;;;;;;
2023;RREO;6;AMORTIZAÇÃO DA DÍVIDA / REFINANCIAMENTO (XI);AmortizacaoRefinanciamentoDaDivida;;;;;;;;;;;;;;;;;;
2023;RREO;6;Alienação de Bens Imóveis;AlienacaoDeBensImoveis;;;;;;;;;;;;;;;;;;
2023;RREO;6;Alienação de Bens Imóveis;AlienacaoDeBensImoveisIntra;;;;;;;;;;;;;;;;;;
2023;RREO;6;Alienação de Bens Móveis;AlienacaoDeBensMoveis;;;;;;;;;;;;;;;;;;
2023;RREO;6;Amortização da Dívida Interna;AmortizacaoRefinanciamentoDaDividaInterna;;;;;;;;;;;;;;;;;;
2023;RREO;6;CONTRIBUIÇÕES;ReceitaDeContribuicoes;;;;;;;;;;;;;;;;;;
2023;RREO;6;CONTRIBUIÇÕES;ReceitaDeContribuicoesIntra;;;;;;;;;;;;;;;;;;
2023;RREO;6;Cessão de Direitos;ReceitaDaCessaoDeDireitos;;;;;;;;;;;;;;;;;;
2023;RREO;6;Contribuições Sociais;ContribuicoesSociais;;;;;;;;;;;;;;;;;;
2023;RREO;6;Contribuições Sociais;ContribuicoesSociaisIntra;;;;;;;;;;;;;;;;;;
2023;RREO;6;DESPESAS (EXCETO INTRA-ORÇAMENTÁRIAS) (VIII);DespesasExcetoIntraOrcamentarias;;;;;;;;;;;;;;;;;;
2023;RREO;6;DESPESAS (INTRA-ORÇAMENTÁRIAS) (IX);DespesasIntraOrcamentarias;;;;;;;;;;;;;;;;;;
2023;RREO;6;DESPESAS (INTRA-ORÇAMENTÁRIAS) (IX);DespesasIntraOrcamentariasTotal;;;;;;;;;;;;;;;;;;
2023;RREO;6;DESPESAS CORRENTES;DespesasCorrentes;;;;;;;;;;;;;;;;;;
2023;RREO;6;DESPESAS CORRENTES;DespesasCorrentesIntra;;;;;;;;;;;;;;;;;;
2023;RREO;6;DESPESAS DE CAPITAL;DespesasDeCapital;;;;;;;;;;;;;;;;;;
2023;RREO;6;DESPESAS DE CAPITAL;DespesasDeCapitalIntra;;;;;;;;;;;;;;;;;;
2023;RREO;6;Demais Despesas Correntes;DemaisDespesasCorrentes;;;;;;;;;;;;;;;;;;
2023;RREO;6;Demais Receitas Correntes;ReceitasCorrentesDiversas;;;;;;;;;;;;;;;;;;
2023;RREO;6;Demais Receitas Correntes;ReceitasCorrentesDiversasIntra;;;;;;;;;;;;;;;;;;
2023;RREO;6;Demais Receitas Patrimoniais;OutrasReceitasPatrimoniais;;;;;;;;;;;;;;;;;;
2023;RREO;6;Demais Receitas de Capital;RREO1OutrasReceitasDeCapitalIntra;;;;;;;;;;;;;;;;;;
2023;RREO;6;Demais Transferências de Capital;DemaisTransferenciasDeCapital;;;;;;;;;;;;;;;;;;
2023;RREO;6;Dívida Contratual;AmortizacaoRefinanciamentoDaDividaInternaContratual;;;;;;;;;;;;;;;;;;
2023;RREO;6;Exploração de Recursos Naturais;ExploracaoDeRecursosNaturais;;;;;;;;;;;;;;;;;;
2023;RREO;6;Exploração do Patrimônio Imobiliário do Estado;ReceitasImobiliarias;;;;;;;;;;;;;;;;;;
2023;RREO;6;IMPOSTOS, TAXAS E CONTRIBUIÇÕES DE MELHORIA;ReceitaTributaria;;;;;;;;;;;;;;;;;;
2023;RREO;6;INVERSÕES FINANCEIRAS;InversoesFinanceiras;;;;;;;;;;;;;;;;;;
2023;RREO;6;INVESTIMENTOS;Investimentos;;;;;;;;;;;;;;;;;;
2023;RREO;6;INVESTIMENTOS;InvestimentosIntra;;;;;;;;;;;;;;;;;;
2023;RREO;6;Impostos;Impostos;;;;;;;;;;;;;;;;;;
2023;RREO;6;Indenizações, Restituições e Ressarcimentos;IndenizacoesERestituicoes;;;;;;;;;;;;;;;;;;
2023;RREO;6;JUROS E ENCARGOS DA DÍVIDA;JurosEEncargosDaDivida;;;;;;;;;;;;;;;;;;
2023;RREO;6;Multas Administrativas, Contratuais e Judiciais;MultasEJurosDeMora;;;;;;;;;;;;;;;;;;
2023;RREO;6;OPERAÇÕES DE CRÉDITO;ReceitasDeOperacoesDeCredito;;;;;;;;;;;;;;;;;;
2023;RREO;6;OUTRAS DESPESAS CORRENTES;OutrasDespesasCorrentes;;;;;;;;;;;;;;;;;;
2023;RREO;6;OUTRAS DESPESAS CORRENTES;OutrasDespesasCorrentesIntra;;;;;;;;;;;;;;;;;;
2023;RREO;6;OUTRAS RECEITAS CORRENTES;OutrasReceitasCorrentes;;;;;;;;;;;;;;;;;;
2023;RREO;6;OUTRAS RECEITAS CORRENTES;OutrasReceitasCorrentesIntra;;;;;;;;;;;;;;;;;;
2023;RREO;6;OUTRAS RECEITAS DE CAPITAL;OutrasReceitasDeCapitalIntra;;;;;;;;;;;;;;;;;;
2023;RREO;6;Operações de Crédito - Mercado Interno;OperacoesDeCreditoInternas;;;;;;;;;;;;;;;;;;
2023;RREO;6;Outras Transferências;OutrasTransferenciasCorrentes;;;;;;;;;;;;;;;;;;
2023;RREO;6;Outros Serviços;OutrosServicos;;;;;;;;;;;;;;;;;;
2023;RREO;6;Outros Serviços;OutrosServicosIntra;;;;;;;;;;;;;;;;;;
2023;RREO;6;PESSOAL E ENCARGOS SOCIAIS;PessoalEEncargosSociais;;;;;;;;;;;;;;;;;;
2023;RREO;6;PESSOAL E ENCARGOS SOCIAIS;PessoalEEncargosSociaisIntra;;;;;;;;;;;;;;;;;;
2023;RREO;6;RECEITA DE SERVIÇOS;ReceitaDeServicos;;;;;;;;;;;;;;;;;;
2023;RREO;6;RECEITA DE SERVIÇOS;ReceitaDeServicosIntra;;;;;;;;;;;;;;;;;;
2023;RREO;6;RECEITA PATRIMONIAL;ReceitaPatrimonial;;;;;;;;;;;;;;;;;;
2023;RREO;6;RECEITAS (EXCETO INTRA-ORÇAMENTÁRIAS) (I);ReceitasExcetoIntraOrcamentarias;;;;;;;;;;;;;;;;;;
2023;RREO;6;RECEITAS (INTRA-ORÇAMENTÁRIAS) (II);ReceitasIntraOrcamentarias;;;;;;;;;;;;;;;;;;
2023;RREO;6;RECEITAS (INTRA-ORÇAMENTÁRIAS) (II);ReceitasIntraOrcamentariasTotal;;;;;;;;;;;;;;;;;;
2023;RREO;6;RECEITAS CORRENTES;ReceitasCorrentes;;;;;;;;;;;;;;;;;;
2023;RREO;6;RECEITAS CORRENTES;ReceitasCorrentesIntra;;;;;;;;;;;;;;;;;;
2023;RREO;6;RECEITAS DE CAPITAL;ReceitasDeCapital;;;;;;;;;;;;;;;;;;
2023;RREO;6;RECEITAS DE CAPITAL;ReceitasDeCapitalIntra;;;;;;;;;;;;;;;;;;
2023;RREO;6;RESERVA DE CONTINGÊNCIA;ReservaDeContingencia;;;;;;;;;;;;;;;;;;
2023;RREO;6;SALDOS DE EXERCÍCIOS ANTERIORES;SaldoDeExerciciosAnterioresUtilizadosParaCreditosAdicionais;;;;;;;;;;;;;;;;;;
2023;RREO;6;SUBTOTAL DAS DESPESAS (X) = (VIII + IX);SubtotalDasDespesas;;;;;;;;;;;;;;;;;;
2023;RREO;6;SUBTOTAL DAS RECEITAS (III) = (I + II);SubtotalDasReceitas;;;;;;;;;;;;;;;;;;
2023;RREO;6;SUPERÁVIT (XIII);Superavit;;;;;;;;;;;;;;;;;;
2023;RREO;6;Serviços Administrativos e Comerciais Gerais;ServicosAdministrativosEComerciaisGerais;;;;;;;;;;;;;;;;;;
2023;RREO;6;Serviços Administrativos e Comerciais Gerais;ServicosAdministrativosEComerciaisGeraisIntra;;;;;;;;;;;;;;;;;;
2023;RREO;6;Serviços e Atividades Referentes à Navegação e ao Transporte;ServicosEAtividadesReferentesANavegacaoEAoTransporte;;;;;;;;;;;;;;;;;;
2023;RREO;6;Superávit Financeiro Utilizado para Créditos Adicionais;SuperavitFinanceiro;;;;;;;;;;;;;;;;;;
2023;RREO;6;TOTAL COM DÉFICIT (VII) = (V + VI);TotalReceitasComDeficit;;;;;;;;;;;;;;;;;;
2023;RREO;6;TOTAL COM SUPERÁVIT (XIV) = (XII + XIII);TotalDespesasComSuperavit;;;;;;;;;;;;;;;;;;
2023;RREO;6;TOTAL DAS DESPESAS (XII) = (X + XI);TotalDespesas;;;;;;;;;;;;;;;;;;
2023;RREO;6;TOTAL DAS RECEITAS (V) = (III + IV);TotalReceitas;;;;;;;;;;;;;;;;;;
2023;RREO;6;TRANSFERÊNCIAS CORRENTES;TransferenciasCorrentes;;;;;;;;;;;;;;;;;;
2023;RREO;6;TRANSFERÊNCIAS DE CAPITAL;TransferenciasDeCapital;;;;;;;;;;;;;;;;;;
2023;RREO;6;Taxas;Taxas;;;;;;;;;;;;;;;;;;
2023;RREO;6;Transferências da União e de suas Entidades;TransferenciasCorrentesDaUniaoEDeSuasEntidades;;;;;;;;;;;;;;;;;;
2023;RREO;6;Transferências da União e de suas Entidades;TransferenciasDeCapitalDaUniaoEDeSuasEntidades;;;;;;;;;;;;;;;;;;
2023;RREO;6;Transferências de Instituições Privadas;TransferenciasCorrentesDeInstituicoesPrivadas;;;;;;;;;;;;;;;;;;
2023;RREO;6;Transferências de Instituições Privadas;TransferenciasDeCapitalDeInstituicoesPrivadas;;;;;;;;;;;;;;;;;;
2023;RREO;6;Transferências de Outras Instituições Públicas;TransferenciasCorrentesDeOutrasInstituicoesPublicas;;;;;;;;;;;;;;;;;;
2023;RREO;6;Transferências dos Estados e do Distrito Federal e de suas Entidades;TransferenciasCorrentesDosEstadosEDoDistritoFederalEDeSuasEntidades;;;;;;;;;;;;;;;;;;
2023;RREO;6;Transferências dos Municípios e de suas Entidades;TransferenciasCorrentesDosMunicipiosEDeSuasEntidades;;;;;;;;;;;;;;;;;;
2023;RREO;6;Valores Mobiliários;ReceitasDeValoresMobiliarios;;;;;;;;;;;;;;;;;;
2024;RREO;1;AMORTIZAÇÃO DA DÍVIDA;AmortizacaoDaDivida;;;;;;;;;;;;;;;;;;
2024;RREO;1;AMORTIZAÇÃO DA DÍVIDA / REFINANCIAMENTO (XI);AmortizacaoRefinanciamentoDaDivida;;;;;;;;;;;;;;;;;;
2024;RREO;1;Amortização da Dívida Interna;AmortizacaoRefinanciamentoDaDividaInterna;;;;;;;;;;;;;;;;;;
2024;RREO;1;CONTRIBUIÇÕES;ReceitaDeContribuicoes;;;;;;;;;;;;;;;;;;
2024;RREO;1;CONTRIBUIÇÕES;ReceitaDeContribuicoesIntra;;;;;;;;;;;;;;;;;;
2024;RREO;1;Cessão de Direitos;ReceitaDaCessaoDeDireitos;;;;;;;;;;;;;;;;;;
2024;RREO;1;Contribuições Sociais;ContribuicoesSociais;;;;;;;;;;;;;;;;;;
2024;RREO;1;Contribuições Sociais;ContribuicoesSociaisIntra;;;;;;;;;;;;;;;;;;
2024;RREO;1;DESPESAS (EXCETO INTRA-ORÇAMENTÁRIAS) (VIII);DespesasExcetoIntraOrcamentarias;;;;;;;;;;;;;;;;;;
2024;RREO;1;DESPESAS (INTRA-ORÇAMENTÁRIAS) (IX);DespesasIntraOrcamentarias;;;;;;;;;;;;;;;;;;
2024;RREO;1;DESPESAS (INTRA-ORÇAMENTÁRIAS) (IX);DespesasIntraOrcamentariasTotal;;;;;;;;;;;;;;;;;;
2024;RREO;1;DESPESAS CORRENTES;DespesasCorrentes;;;;;;;;;;;;;;;;;;
2024;RREO;1;DESPESAS CORRENTES;DespesasCorrentesIntra;;;;;;;;;;;;;;;;;;
2024;RREO;1;DESPESAS DE CAPITAL;DespesasDeCapital;;;;;;;;;;;;;;;;;;
2024;RREO;1;Demais Despesas Correntes;DemaisDespesasCorrentes;;;;;;;;;;;;;;;;;;
2024;RREO;1;Demais Receitas Correntes;ReceitasCorrentesDiversas;;;;;;;;;;;;;;;;;;
2024;RREO;1;Demais Receitas Correntes;ReceitasCorrentesDiversasIntra;;;;;;;;;;;;;;;;;;
2024;RREO;1;Demais Receitas Patrimoniais;OutrasReceitasPatrimoniais;;;;;;;;;;;;;;;;;;
2024;RREO;1;Demais Transferências Correntes;OutrasTransferenciasCorrentes;;;;;;;;;;;;;;;;;;
2024;RREO;1;Demais Transferências de Capital;DemaisTransferenciasDeCapital;;;;;;;;;;;;;;;;;;
2024;RREO;1;Dívida Contratual;AmortizacaoRefinanciamentoDaDividaInternaContratual;;;;;;;;;;;;;;;;;;
2024;RREO;1;Exploração de Recursos Naturais;ExploracaoDeRecursosNaturais;;;;;;;;;;;;;;;;;;
2024;RREO;1;Exploração do Patrimônio Imobiliário do Estado;ReceitasImobiliarias;;;;;;;;;;;;;;;;;;
2024;RREO;1;IMPOSTOS, TAXAS E CONTRIBUIÇÕES DE MELHORIA;ReceitaTributaria;;;;;;;;;;;;;;;;;;
2024;RREO;1;INVERSÕES FINANCEIRAS;InversoesFinanceiras;;;;;;;;;;;;;;;;;;
2024;RREO;1;INVESTIMENTOS;Investimentos;;;;;;;;;;;;;;;;;;
2024;RREO;1;Impostos;Impostos;;;;;;;;;;;;;;;;;;
2024;RREO;1;Indenizações, Restituições e Ressarcimentos;IndenizacoesERestituicoes;;;;;;;;;;;;;;;;;;
2024;RREO;1;JUROS E ENCARGOS DA DÍVIDA;JurosEEncargosDaDivida;;;;;;;;;;;;;;;;;;
2024;RREO;1;Multas Administrativas, Contratuais e Judiciais;MultasEJurosDeMora;;;;;;;;;;;;;;;;;;
2024;RREO;1;OPERAÇÕES DE CRÉDITO;ReceitasDeOperacoesDeCredito;;;;;;;;;;;;;;;;;;
2024;RREO;1;OUTRAS DESPESAS CORRENTES;OutrasDespesasCorrentes;;;;;;;;;;;;;;;;;;
2024;RREO;1;OUTRAS DESPESAS CORRENTES;OutrasDespesasCorrentesIntra;;;;;;;;;;;;;;;;;;
2024;RREO;1;OUTRAS RECEITAS CORRENTES;OutrasReceitasCorrentes;;;;;;;;;;;;;;;;;;
2024;RREO;1;OUTRAS RECEITAS CORRENTES;OutrasReceitasCorrentesIntra;;;;;;;;;;;;;;;;;;
2024;RREO;1;Operações de Crédito - Mercado Interno;OperacoesDeCreditoInternas;;;;;;;;;;;;;;;;;;
2024;RREO;1;Outros Serviços;OutrosServicos;;;;;;;;;;;;;;;;;;
2024;RREO;1;Outros Serviços;OutrosServicosIntra;;;;;;;;;;;;;;;;;;
2024;RREO;1;PESSOAL E ENCARGOS SOCIAIS;PessoalEEncargosSociais;;;;;;;;;;;;;;;;;;
2024;RREO;1;PESSOAL E ENCARGOS SOCIAIS;PessoalEEncargosSociaisIntra;;;;;;;;;;;;;;;;;;
2024;RREO;1;RECEITA DE SERVIÇOS;ReceitaDeServicos;;;;;;;;;;;;;;;;;;
2024;RREO;1;RECEITA DE SERVIÇOS;ReceitaDeServicosIntra;;;;;;;;;;;;;;;;;;
2024;RREO;1;RECEITA PATRIMONIAL;ReceitaPatrimonial;;;;;;;;;;;;;;;;;;
2024;RREO;1;RECEITAS (EXCETO INTRA-ORÇAMENTÁRIAS) (I);ReceitasExcetoIntraOrcamentarias;;;;;;;;;;;;;;;;;;
2024;RREO;1;RECEITAS (INTRA-ORÇAMENTÁRIAS) (II);ReceitasIntraOrcamentarias;;;;;;;;;;;;;;;;;;
2024;RREO;1;RECEITAS (INTRA-ORÇAMENTÁRIAS) (II);ReceitasIntraOrcamentariasTotal;;;;;;;;;;;;;;;;;;
2024;RREO;1;RECEITAS CORRENTES;ReceitasCorrentes;;;;;;;;;;;;;;;;;;
2024;RREO;1;RECEITAS CORRENTES;ReceitasCorrentesIntra;;;;;;;;;;;;;;;;;;
2024;RREO;1;RECEITAS DE CAPITAL;ReceitasDeCapital;;;;;;;;;;;;;;;;;;
2024;RREO;1;RESERVA DE CONTINGÊNCIA;ReservaDeContingencia;;;;;;;;;;;;;;;;;;
2024;RREO;1;SUBTOTAL DAS DESPESAS (X) = (VIII + IX);SubtotalDasDespesas;;;;;;;;;;;;;;;;;;
2024;RREO;1;SUBTOTAL DAS RECEITAS (III) = (I + II);SubtotalDasReceitas;;;;;;;;;;;;;;;;;;
2024;RREO;1;SUPERÁVIT (XIII);Superavit;;;;;;;;;;;;;;;;;;
2024;RREO;1;Serviços Administrativos e Comerciais Gerais;ServicosAdministrativosEComerciaisGerais;;;;;;;;;;;;;;;;;;
2024;RREO;1;Serviços e Atividades Referentes à Navegação e ao Transporte;ServicosEAtividadesReferentesANavegacaoEAoTransporte;;;;;;;;;;;;;;;;;;
2024;RREO;1;TOTAL COM DÉFICIT (VII) = (V + VI);TotalReceitasComDeficit;;;;;;;;;;;;;;;;;;
2024;RREO;1;TOTAL COM SUPERÁVIT (XIV) = (XII + XIII);TotalDespesasComSuperavit;;;;;;;;;;;;;;;;;;
2024;RREO;1;TOTAL DAS DESPESAS (XII) = (X + XI);TotalDespesas;;;;;;;;;;;;;;;;;;
2024;RREO;1;TOTAL DAS RECEITAS (V) = (III + IV);TotalReceitas;;;;;;;;;;;;;;;;;;
2024;RREO;1;TRANSFERÊNCIAS CORRENTES;TransferenciasCorrentes;;;;;;;;;;;;;;;;;;
2024;RREO;1;TRANSFERÊNCIAS DE CAPITAL;TransferenciasDeCapital;;;;;;;;;;;;;;;;;;
2024;RREO;1;Taxas;Taxas;;;;;;;;;;;;;;;;;;
2024;RREO;1;Transferências da União e de suas Entidades;TransferenciasCorrentesDaUniaoEDeSuasEntidades;;;;;;;;;;;;;;;;;;
2024;RREO;1;Transferências da União e de suas Entidades;TransferenciasDeCapitalDaUniaoEDeSuasEntidades;;;;;;;;;;;;;;;;;;
2024;RREO;1;Transferências de Instituições Privadas;TransferenciasCorrentesDeInstituicoesPrivadas;;;;;;;;;;;;;;;;;;
2024;RREO;1;Transferências de Outras Instituições Públicas;TransferenciasCorrentesDeOutrasInstituicoesPublicas;;;;;;;;;;;;;;;;;;
2024;RREO;1;Transferências dos Estados e do Distrito Federal e de suas Entidades;TransferenciasCorrentesDosEstadosEDoDistritoFederalEDeSuasEntidades;;;;;;;;;;;;;;;;;;
2024;RREO;1;Transferências dos Municípios e de suas Entidades;TransferenciasCorrentesDosMunicipiosEDeSuasEntidades;;;;;;;;;;;;;;;;;;
2024;RREO;1;Valores Mobiliários;ReceitasDeValoresMobiliarios;;;;;;;;;;;;;;;;;;
2024;RREO;2;ALIENAÇÃO DE BENS;AlienacaoDeBens;;;;;;;;;;;;;;;;;;
2024;RREO;2;AMORTIZAÇÃO DA DÍVIDA;AmortizacaoDaDivida;;;;;;;;;;;;;;;;;;
2024;RREO;2;AMORTIZAÇÃO DA DÍVIDA / REFINANCIAMENTO (XI);AmortizacaoRefinanciamentoDaDivida;;;;;;;;;;;;;;;;;;
2024;RREO;2;Alienação de Bens Imóveis;AlienacaoDeBensImoveis;;;;;;;;;;;;;;;;;;
2024;RREO;2;Amortização da Dívida Interna;AmortizacaoRefinanciamentoDaDividaInterna;;;;;;;;;;;;;;;;;;
2024;RREO;2;Bens, Direitos e Valores Incorporados ao Patrimônio Público;BensDireitosEValoresIncorporadosAoPatrimonioPublico;;;;;;;;;;;;;;;;;;
2024;RREO;2;CONTRIBUIÇÕES;ReceitaDeContribuicoes;;;;;;;;;;;;;;;;;;
2024;RREO;2;CONTRIBUIÇÕES;ReceitaDeContribuicoesIntra;;;;;;;;;;;;;;;;;;
2024;RREO;2;Cessão de Direitos;ReceitaDaCessaoDeDireitos;;;;;;;;;;;;;;;;;;
2024;RREO;2;Contribuições Sociais;ContribuicoesSociais;;;;;;;;;;;;;;;;;;
2024;RREO;2;Contribuições Sociais;ContribuicoesSociaisIntra;;;;;;;;;;;;;;;;;;
2024;RREO;2;DESPESAS (EXCETO INTRA-ORÇAMENTÁRIAS) (VIII);DespesasExcetoIntraOrcamentarias;;;;;;;;;;;;;;;;;;
2024;RREO;2;DESPESAS (INTRA-ORÇAMENTÁRIAS) (IX);DespesasIntraOrcamentarias;;;;;;;;;;;;;;;;;;
2024;RREO;2;DESPESAS (INTRA-ORÇAMENTÁRIAS) (IX);DespesasIntraOrcamentariasTotal;;;;;;;;;;;;;;;;;;
2024;RREO;2;DESPESAS CORRENTES;DespesasCorrentes;;;;;;;;;;;;;;;;;;
2024;RREO;2;DESPESAS CORRENTES;DespesasCorrentesIntra;;;;;;;;;;;;;;;;;;
2024;RREO;2;DESPESAS DE CAPITAL;DespesasDeCapital;;;;;;;;;;;;;;;;;;
2024;RREO;2;Demais Despesas Correntes;DemaisDespesasCorrentes;;;;;;;;;;;;;;;;;;
2024;RREO;2;Demais Receitas Correntes;ReceitasCorrentesDiversas;;;;;;;;;;;;;;;;;;
2024;RREO;2;Demais Receitas Correntes;ReceitasCorrentesDiversasIntra;;;;;;;;;;;;;;;;;;
2024;RREO;2;Demais Receitas Patrimoniais;OutrasReceitasPatrimoniais;;;;;;;;;;;;;;;;;;
2024;RREO;2;Demais Transferências Correntes;OutrasTransferenciasCorrentes;;;;;;;;;;;;;;;;;;
2024;RREO;2;Demais Transferências de Capital;DemaisTransferenciasDeCapital;;;;;;;;;;;;;;;;;;
2024;RREO;2;Dívida Contratual;AmortizacaoRefinanciamentoDaDividaInternaContratual;;;;;;;;;;;;;;;;;;
2024;RREO;2;Exploração de Recursos Naturais;ExploracaoDeRecursosNaturais;;;;;;;;;;;;;;;;;;
2024;RREO;2;Exploração do Patrimônio Imobiliário do Estado;ReceitasImobiliarias;;;;;;;;;;;;;;;;;;
2024;RREO;2;Exploração do Patrimônio Intangível;ExploracaoDoPatrimonioIntangivel;;;;;;;;;;;;;;;;;;
2024;RREO;2;IMPOSTOS, TAXAS E CONTRIBUIÇÕES DE MELHORIA;ReceitaTributaria;;;;;;;;;;;;;;;;;;
2024;RREO;2;INVERSÕES FINANCEIRAS;InversoesFinanceiras;;;;;;;;;;;;;;;;;;
2024;RREO;2;INVESTIMENTOS;Investimentos;;;;;;;;;;;;;;;;;;
2024;RREO;2;Impostos;Impostos;;;;;;;;;;;;;;;;;;
2024;RREO;2;Indenizações, Restituições e Ressarcimentos;IndenizacoesERestituicoes;;;;;;;;;;;;;;;;;;
2024;RREO;2;JUROS E ENCARGOS DA DÍVIDA;JurosEEncargosDaDivida;;;;;;;;;;;;;;;;;;
2024;RREO;2;Multas Administrativas, Contratuais e Judiciais;MultasEJurosDeMora;;;;;;;;;;;;;;;;;;
2024;RREO;2;OPERAÇÕES DE CRÉDITO;ReceitasDeOperacoesDeCredito;;;;;;;;;;;;;;;;;;
2024;RREO;2;OUTRAS DESPESAS CORRENTES;OutrasDespesasCorrentes;;;;;;;;;;;;;;;;;;
2024;RREO;2;OUTRAS DESPESAS CORRENTES;OutrasDespesasCorrentesIntra;;;;;;;;;;;;;;;;;;
2024;RREO;2;OUTRAS RECEITAS CORRENTES;OutrasReceitasCorrentes;;;;;;;;;;;;;;;;;;
2024;RREO;2;OUTRAS RECEITAS CORRENTES;OutrasReceitasCorrentesIntra;;;;;;;;;;;;;;;;;;
2024;RREO;2;Operações de Crédito - Mercado Interno;OperacoesDeCreditoInternas;;;;;;;;;;;;;;;;;;
2024;RREO;2;Outros Serviços;OutrosServicos;;;;;;;;;;;;;;;;;;
2024;RREO;2;Outros Serviços;OutrosServicosIntra;;;;;;;;;;;;;;;;;;
2024;RREO;2;PESSOAL E ENCARGOS SOCIAIS;PessoalEEncargosSociais;;;;;;;;;;;;;;;;;;
2024;RREO;2;PESSOAL E ENCARGOS SOCIAIS;PessoalEEncargosSociaisIntra;;;;;;;;;;;;;;;;;;
2024;RREO;2;RECEITA DE SERVIÇOS;ReceitaDeServicos;;;;;;;;;;;;;;;;;;
2024;RREO;2;RECEITA DE SERVIÇOS;ReceitaDeServicosIntra;;;;;;;;;;;;;;;;;;
2024;RREO;2;RECEITA PATRIMONIAL;ReceitaPatrimonial;;;;;;;;;;;;;;;;;;
2024;RREO;2;RECEITAS (EXCETO INTRA-ORÇAMENTÁRIAS) (I);ReceitasExcetoIntraOrcamentarias;;;;;;;;;;;;;;;;;;
2024;RREO;2;RECEITAS (INTRA-ORÇAMENTÁRIAS) (II);ReceitasIntraOrcamentarias;;;;;;;;;;;;;;;;;;
2024;RREO;2;RECEITAS (INTRA-ORÇAMENTÁRIAS) (II);ReceitasIntraOrcamentariasTotal;;;;;;;;;;;;;;;;;;
2024;RREO;2;RECEITAS CORRENTES;ReceitasCorrentes;;;;;;;;;;;;;;;;;;
2024;RREO;2;RECEITAS CORRENTES;ReceitasCorrentesIntra;;;;;;;;;;;;;;;;;;
2024;RREO;2;RECEITAS DE CAPITAL;ReceitasDeCapital;;;;;;;;;;;;;;;;;;
2024;RREO;2;RESERVA DE CONTINGÊNCIA;ReservaDeContingencia;;;;;;;;;;;;;;;;;;
2024;RREO;2;SALDOS DE EXERCÍCIOS ANTERIORES;SaldoDeExerciciosAnterioresUtilizadosParaCreditosAdicionais;;;;;;;;;;;;;;;;;;
2024;RREO;2;SUBTOTAL DAS DESPESAS (X) = (VIII + IX);SubtotalDasDespesas;;;;;;;;;;;;;;;;;;
2024;RREO;2;SUBTOTAL DAS RECEITAS (III) = (I + II);SubtotalDasReceitas;;;;;;;;;;;;;;;;;;
2024;RREO;2;SUPERÁVIT (XIII);Superavit;;;;;;;;;;;;;;;;;;
2024;RREO;2;Serviços Administrativos e Comerciais Gerais;ServicosAdministrativosEComerciaisGerais;;;;;;;;;;;;;;;;;;
2024;RREO;2;Serviços e Atividades Referentes à Navegação e ao Transporte;ServicosEAtividadesReferentesANavegacaoEAoTransporte;;;;;;;;;;;;;;;;;;
2024;RREO;2;Superávit Financeiro Utilizado para Créditos Adicionais;SuperavitFinanceiro;;;;;;;;;;;;;;;;;;
2024;RREO;2;TOTAL COM DÉFICIT (VII) = (V + VI);TotalReceitasComDeficit;;;;;;;;;;;;;;;;;;
2024;RREO;2;TOTAL COM SUPERÁVIT (XIV) = (XII + XIII);TotalDespesasComSuperavit;;;;;;;;;;;;;;;;;;
2024;RREO;2;TOTAL DAS DESPESAS (XII) = (X + XI);TotalDespesas;;;;;;;;;;;;;;;;;;
2024;RREO;2;TOTAL DAS RECEITAS (V) = (III + IV);TotalReceitas;;;;;;;;;;;;;;;;;;
2024;RREO;2;TRANSFERÊNCIAS CORRENTES;TransferenciasCorrentes;;;;;;;;;;;;;;;;;;
2024;RREO;2;TRANSFERÊNCIAS DE CAPITAL;TransferenciasDeCapital;;;;;;;;;;;;;;;;;;
2024;RREO;2;Taxas;Taxas;;;;;;;;;;;;;;;;;;
2024;RREO;2;Transferências da União e de suas Entidades;TransferenciasCorrentesDaUniaoEDeSuasEntidades;;;;;;;;;;;;;;;;;;
2024;RREO;2;Transferências da União e de suas Entidades;TransferenciasDeCapitalDaUniaoEDeSuasEntidades;;;;;;;;;;;;;;;;;;
2024;RREO;2;Transferências de Instituições Privadas;TransferenciasCorrentesDeInstituicoesPrivadas;;;;;;;;;;;;;;;;;;
2024;RREO;2;Transferências de Outras Instituições Públicas;TransferenciasCorrentesDeOutrasInstituicoesPublicas;;;;;;;;;;;;;;;;;;
2024;RREO;2;Transferências dos Estados e do Distrito Federal e de suas Entidades;TransferenciasCorrentesDosEstadosEDoDistritoFederalEDeSuasEntidades;;;;;;;;;;;;;;;;;;
2024;RREO;2;Transferências dos Municípios e de suas Entidades;TransferenciasCorrentesDosMunicipiosEDeSuasEntidades;;;;;;;;;;;;;;;;;;
2024;RREO;2;Valores Mobiliários;ReceitasDeValoresMobiliarios;;;;;;;;;;;;;;;;;;
2024;RREO;3;ALIENAÇÃO DE BENS;AlienacaoDeBens;;;;;;;;;;;;;;;;;;
2024;RREO;3;AMORTIZAÇÃO DA DÍVIDA;AmortizacaoDaDivida;;;;;;;;;;;;;;;;;;
2024;RREO;3;AMORTIZAÇÃO DA DÍVIDA / REFINANCIAMENTO (XI);AmortizacaoRefinanciamentoDaDivida;;;;;;;;;;;;;;;;;;
2024;RREO;3;Alienação de Bens Imóveis;AlienacaoDeBensImoveis;;;;;;;;;;;;;;;;;;
2024;RREO;3;Amortização da Dívida Interna;AmortizacaoRefinanciamentoDaDividaInterna;;;;;;;;;;;;;;;;;;
2024;RREO;3;Bens, Direitos e Valores Incorporados ao Patrimônio Público;BensDireitosEValoresIncorporadosAoPatrimonioPublico;;;;;;;;;;;;;;;;;;
2024;RREO;3;CONTRIBUIÇÕES;ReceitaDeContribuicoes;;;;;;;;;;;;;;;;;;
2024;RREO;3;CONTRIBUIÇÕES;ReceitaDeContribuicoesIntra;;;;;;;;;;;;;;;;;;
2024;RREO;3;Cessão de Direitos;ReceitaDaCessaoDeDireitos;;;;;;;;;;;;;;;;;;
2024;RREO;3;Contribuições Sociais;ContribuicoesSociais;;;;;;;;;;;;;;;;;;
2024;RREO;3;Contribuições Sociais;ContribuicoesSociaisIntra;;;;;;;;;;;;;;;;;;
2024;RREO;3;DESPESAS (EXCETO INTRA-ORÇAMENTÁRIAS) (VIII);DespesasExcetoIntraOrcamentarias;;;;;;;;;;;;;;;;;;
2024;RREO;3;DESPESAS (INTRA-ORÇAMENTÁRIAS) (IX);DespesasIntraOrcamentarias;;;;;;;;;;;;;;;;;;
2024;RREO;3;DESPESAS (INTRA-ORÇAMENTÁRIAS) (IX);DespesasIntraOrcamentariasTotal;;;;;;;;;;;;;;;;;;
2024;RREO;3;DESPESAS CORRENTES;DespesasCorrentes;;;;;;;;;;;;;;;;;;
2024;RREO;3;DESPESAS CORRENTES;DespesasCorrentesIntra;;;;;;;;;;;;;;;;;;
2024;RREO;3;DESPESAS DE CAPITAL;DespesasDeCapital;;;;;;;;;;;;;;;;;;
2024;RREO;3;Demais Despesas Correntes;DemaisDespesasCorrentes;;;;;;;;;;;;;;;;;;
2024;RREO;3;Demais Receitas Correntes;ReceitasCorrentesDiversas;;;;;;;;;;;;;;;;;;
2024;RREO;3;Demais Receitas Correntes;ReceitasCorrentesDiversasIntra;;;;;;;;;;;;;;;;;;
2024;RREO;3;Demais Receitas Patrimoniais;OutrasReceitasPatrimoniais;;;;;;;;;;;;;;;;;;
2024;RREO;3;Demais Receitas de Capital;RREO1OutrasReceitasDeCapital;;;;;;;;;;;;;;;;;;
2024;RREO;3;Demais Transferências Correntes;OutrasTransferenciasCorrentes;;;;;;;;;;;;;;;;;;
2024;RREO;3;Demais Transferências de Capital;DemaisTransferenciasDeCapital;;;;;;;;;;;;;;;;;;
2024;RREO;3;Dívida Contratual;AmortizacaoRefinanciamentoDaDividaInternaContratual;;;;;;;;;;;;;;;;;;
2024;RREO;3;Exploração de Recursos Naturais;ExploracaoDeRecursosNaturais;;;;;;;;;;;;;;;;;;
2024;RREO;3;Exploração do Patrimônio Imobiliário do Estado;ReceitasImobiliarias;;;;;;;;;;;;;;;;;;
2024;RREO;3;Exploração do Patrimônio Intangível;ExploracaoDoPatrimonioIntangivel;;;;;;;;;;;;;;;;;;
2024;RREO;3;IMPOSTOS, TAXAS E CONTRIBUIÇÕES DE MELHORIA;ReceitaTributaria;;;;;;;;;;;;;;;;;;
2024;RREO;3;INVERSÕES FINANCEIRAS;InversoesFinanceiras;;;;;;;;;;;;;;;;;;
2024;RREO;3;INVESTIMENTOS;Investimentos;;;;;;;;;;;;;;;;;;
2024;RREO;3;Impostos;Impostos;;;;;;;;;;;;;;;;;;
2024;RREO;3;Indenizações, Restituições e Ressarcimentos;IndenizacoesERestituicoes;;;;;;;;;;;;;;;;;;
2024;RREO;3;JUROS E ENCARGOS DA DÍVIDA;JurosEEncargosDaDivida;;;;;;;;;;;;;;;;;;
2024;RREO;3;Multas Administrativas, Contratuais e Judiciais;MultasEJurosDeMora;;;;;;;;;;;;;;;;;;
2024;RREO;3;OPERAÇÕES DE CRÉDITO;ReceitasDeOperacoesDeCredito;;;;;;;;;;;;;;;;;;
2024;RREO;3;OUTRAS DESPESAS CORRENTES;OutrasDespesasCorrentes;;;;;;;;;;;;;;;;;;
2024;RREO;3;OUTRAS DESPESAS CORRENTES;OutrasDespesasCorrentesIntra;;;;;;;;;;;;;;;;;;
2024;RREO;3;OUTRAS RECEITAS CORRENTES;OutrasReceitasCorrentes;;;;;;;;;;;;;;;;;;
2024;RREO;3;OUTRAS RECEITAS CORRENTES;OutrasReceitasCorrentesIntra;;;;;;;;;;;;;;;;;;
2024;RREO;3;OUTRAS RECEITAS DE CAPITAL;OutrasReceitasDeCapital;;;;;;;;;;;;;;;;;;
2024;RREO;3;Operações de Crédito - Mercado Interno;OperacoesDeCreditoInternas;;;;;;;;;;;;;;;;;;
2024;RREO;3;Outros Serviços;OutrosServicos;;;;;;;;;;;;;;;;;;
2024;RREO;3;Outros Serviços;OutrosServicosIntra;;;;;;;;;;;;;;;;;;
2024;RREO;3;PESSOAL E ENCARGOS SOCIAIS;PessoalEEncargosSociais;;;;;;;;;;;;;;;;;;
2024;RREO;3;PESSOAL E ENCARGOS SOCIAIS;PessoalEEncargosSociaisIntra;;;;;;;;;;;;;;;;;;
2024;RREO;3;RECEITA DE SERVIÇOS;ReceitaDeServicos;;;;;;;;;;;;;;;;;;
2024;RREO;3;RECEITA DE SERVIÇOS;ReceitaDeServicosIntra;;;;;;;;;;;;;;;;;;
2024;RREO;3;RECEITA PATRIMONIAL;ReceitaPatrimonial;;;;;;;;;;;;;;;;;;
2024;RREO;3;RECEITAS (EXCETO INTRA-ORÇAMENTÁRIAS) (I);ReceitasExcetoIntraOrcamentarias;;;;;;;;;;;;;;;;;;
2024;RREO;3;RECEITAS (INTRA-ORÇAMENTÁRIAS) (II);ReceitasIntraOrcamentarias;;;;;;;;;;;;;;;;;;
2024;RREO;3;RECEITAS (INTRA-ORÇAMENTÁRIAS) (II);ReceitasIntraOrcamentariasTotal;;;;;;;;;;;;;;;;;;
2024;RREO;3;RECEITAS CORRENTES;ReceitasCorrentes;;;;;;;;;;;;;;;;;;
2024;RREO;3;RECEITAS CORRENTES;ReceitasCorrentesIntra;;;;;;;;;;;;;;;;;;
2024;RREO;3;RECEITAS DE CAPITAL;ReceitasDeCapital;;;;;;;;;;;;;;;;;;
2024;RREO;3;RESERVA DE CONTINGÊNCIA;ReservaDeContingencia;;;;;;;;;;;;;;;;;;
2024;RREO;3;SALDOS DE EXERCÍCIOS ANTERIORES;SaldoDeExerciciosAnterioresUtilizadosParaCreditosAdicionais;;;;;;;;;;;;;;;;;;
2024;RREO;3;SUBTOTAL DAS DESPESAS (X) = (VIII + IX);SubtotalDasDespesas;;;;;;;;;;;;;;;;;;
2024;RREO;3;SUBTOTAL DAS RECEITAS (III) = (I + II);SubtotalDasReceitas;;;;;;;;;;;;;;;;;;
2024;RREO;3;SUPERÁVIT (XIII);Superavit;;;;;;;;;;;;;;;;;;
2024;RREO;3;Serviços Administrativos e Comerciais Gerais;ServicosAdministrativosEComerciaisGerais;;;;;;;;;;;;;;;;;;
2024;RREO;3;Serviços e Atividades Referentes à Navegação e ao Transporte;ServicosEAtividadesReferentesANavegacaoEAoTransporte;;;;;;;;;;;;;;;;;;
2024;RREO;3;Superávit Financeiro Utilizado para Créditos Adicionais;SuperavitFinanceiro;;;;;;;;;;;;;;;;;;
2024;RREO;3;TOTAL COM DÉFICIT (VII) = (V + VI);TotalReceitasComDeficit;;;;;;;;;;;;;;;;;;
2024;RREO;3;TOTAL COM SUPERÁVIT (XIV) = (XII + XIII);TotalDespesasComSuperavit;;;;;;;;;;;;;;;;;;
2024;RREO;3;TOTAL DAS DESPESAS (XII) = (X + XI);TotalDespesas;;;;;;;;;;;;;;;;;;
2024;RREO;3;TOTAL DAS RECEITAS (V) = (III + IV);TotalReceitas;;;;;;;;;;;;;;;;;;
2024;RREO;3;TRANSFERÊNCIAS CORRENTES;TransferenciasCorrentes;;;;;;;;;;;;;;;;;;
2024;RREO;3;TRANSFERÊNCIAS DE CAPITAL;TransferenciasDeCapital;;;;;;;;;;;;;;;;;;
2024;RREO;3;Taxas;Taxas;;;;;;;;;;;;;;;;;;
2024;RREO;3;Transferências da União e de suas Entidades;TransferenciasCorrentesDaUniaoEDeSuasEntidades;;;;;;;;;;;;;;;;;;
2024;RREO;3;Transferências da União e de suas Entidades;TransferenciasDeCapitalDaUniaoEDeSuasEntidades;;;;;;;;;;;;;;;;;;
2024;RREO;3;Transferências de Instituições Privadas;TransferenciasCorrentesDeInstituicoesPrivadas;;;;;;;;;;;;;;;;;;
2024;RREO;3;Transferências de Outras Instituições Públicas;TransferenciasCorrentesDeOutrasInstituicoesPublicas;;;;;;;;;;;;;;;;;;
2024;RREO;3;Transferências dos Estados e do Distrito Federal e de suas Entidades;TransferenciasCorrentesDosEstadosEDoDistritoFederalEDeSuasEntidades;;;;;;;;;;;;;;;;;;
2024;RREO;3;Transferências dos Municípios e de suas Entidades;TransferenciasCorrentesDosMunicipiosEDeSuasEntidades;;;;;;;;;;;;;;;;;;
2024;RREO;3;Valores Mobiliários;ReceitasDeValoresMobiliarios;;;;;;;;;;;;;;;;;;
2024;RREO;4;ALIENAÇÃO DE BENS;AlienacaoDeBens;;;;;;;;;;;;;;;;;;
2024;RREO;4;AMORTIZAÇÃO DA DÍVIDA;AmortizacaoDaDivida;;;;;;;;;;;;;;;;;;
2024;RREO;4;AMORTIZAÇÃO DA DÍVIDA / REFINANCIAMENTO (XI);AmortizacaoRefinanciamentoDaDivida;;;;;;;;;;;;;;;;;;
2024;RREO;4;Alienação de Bens Imóveis;AlienacaoDeBensImoveis;;;;;;;;;;;;;;;;;;
2024;RREO;4;Amortização da Dívida Interna;AmortizacaoRefinanciamentoDaDividaInterna;;;;;;;;;;;;;;;;;;
2024;RREO;4;Bens, Direitos e Valores Incorporados ao Patrimônio Público;BensDireitosEValoresIncorporadosAoPatrimonioPublico;;;;;;;;;;;;;;;;;;
2024;RREO;4;CONTRIBUIÇÕES;ReceitaDeContribuicoes;;;;;;;;;;;;;;;;;;
2024;RREO;4;CONTRIBUIÇÕES;ReceitaDeContribuicoesIntra;;;;;;;;;;;;;;;;;;
2024;RREO;4;Cessão de Direitos;ReceitaDaCessaoDeDireitos;;;;;;;;;;;;;;;;;;
2024;RREO;4;Contribuições Sociais;ContribuicoesSociais;;;;;;;;;;;;;;;;;;
2024;RREO;4;Contribuições Sociais;ContribuicoesSociaisIntra;;;;;;;;;;;;;;;;;;
2024;RREO;4;DESPESAS (EXCETO INTRA-ORÇAMENTÁRIAS) (VIII);DespesasExcetoIntraOrcamentarias;;;;;;;;;;;;;;;;;;
2024;RREO;4;DESPESAS (INTRA-ORÇAMENTÁRIAS) (IX);DespesasIntraOrcamentarias;;;;;;;;;;;;;;;;;;
2024;RREO;4;DESPESAS (INTRA-ORÇAMENTÁRIAS) (IX);DespesasIntraOrcamentariasTotal;;;;;;;;;;;;;;;;;;
2024;RREO;4;DESPESAS CORRENTES;DespesasCorrentes;;;;;;;;;;;;;;;;;;
2024;RREO;4;DESPESAS CORRENTES;DespesasCorrentesIntra;;;;;;;;;;;;;;;;;;
2024;RREO;4;DESPESAS DE CAPITAL;DespesasDeCapital;;;;;;;;;;;;;;;;;;
2024;RREO;4;Demais Despesas Correntes;DemaisDespesasCorrentes;;;;;;;;;;;;;;;;;;
2024;RREO;4;Demais Receitas Correntes;ReceitasCorrentesDiversas;;;;;;;;;;;;;;;;;;
2024;RREO;4;Demais Receitas Correntes;ReceitasCorrentesDiversasIntra;;;;;;;;;;;;;;;;;;
2024;RREO;4;Demais Receitas Patrimoniais;OutrasReceitasPatrimoniais;;;;;;;;;;;;;;;;;;
2024;RREO;4;Demais Receitas de Capital;RREO1OutrasReceitasDeCapital;;;;;;;;;;;;;;;;;;
2024;RREO;4;Demais Transferências Correntes;OutrasTransferenciasCorrentes;;;;;;;;;;;;;;;;;;
2024;RREO;4;Demais Transferências de Capital;DemaisTransferenciasDeCapital;;;;;;;;;;;;;;;;;;
2024;RREO;4;Dívida Contratual;AmortizacaoRefinanciamentoDaDividaInternaContratual;;;;;;;;;;;;;;;;;;
2024;RREO;4;Exploração de Recursos Naturais;ExploracaoDeRecursosNaturais;;;;;;;;;;;;;;;;;;
2024;RREO;4;Exploração do Patrimônio Imobiliário do Estado;ReceitasImobiliarias;;;;;;;;;;;;;;;;;;
2024;RREO;4;Exploração do Patrimônio Intangível;ExploracaoDoPatrimonioIntangivel;;;;;;;;;;;;;;;;;;
2024;RREO;4;IMPOSTOS, TAXAS E CONTRIBUIÇÕES DE MELHORIA;ReceitaTributaria;;;;;;;;;;;;;;;;;;
2024;RREO;4;INVERSÕES FINANCEIRAS;InversoesFinanceiras;;;;;;;;;;;;;;;;;;
2024;RREO;4;INVESTIMENTOS;Investimentos;;;;;;;;;;;;;;;;;;
2024;RREO;4;Impostos;Impostos;;;;;;;;;;;;;;;;;;
2024;RREO;4;Indenizações, Restituições e Ressarcimentos;IndenizacoesERestituicoes;;;;;;;;;;;;;;;;;;
2024;RREO;4;JUROS E ENCARGOS DA DÍVIDA;JurosEEncargosDaDivida;;;;;;;;;;;;;;;;;;
2024;RREO;4;Multas Administrativas, Contratuais e Judiciais;MultasEJurosDeMora;;;;;;;;;;;;;;;;;;
2024;RREO;4;OPERAÇÕES DE CRÉDITO;ReceitasDeOperacoesDeCredito;;;;;;;;;;;;;;;;;;
2024;RREO;4;OUTRAS DESPESAS CORRENTES;OutrasDespesasCorrentes;;;;;;;;;;;;;;;;;;
2024;RREO;4;OUTRAS DESPESAS CORRENTES;OutrasDespesasCorrentesIntra;;;;;;;;;;;;;;;;;;
2024;RREO;4;OUTRAS RECEITAS CORRENTES;OutrasReceitasCorrentes;;;;;;;;;;;;;;;;;;
2024;RREO;4;OUTRAS RECEITAS CORRENTES;OutrasReceitasCorrentesIntra;;;;;;;;;;;;;;;;;;
2024;RREO;4;OUTRAS RECEITAS DE CAPITAL;OutrasReceitasDeCapital;;;;;;;;;;;;;;;;;;
2024;RREO;4;Operações de Crédito - Mercado Interno;OperacoesDeCreditoInternas;;;;;;;;;;;;;;;;;;
2024;RREO;4;Outros Serviços;OutrosServicos;;;;;;;;;;;;;;;;;;
2024;RREO;4;Outros Serviços;OutrosServicosIntra;;;;;;;;;;;;;;;;;;
2024;RREO;4;PESSOAL E ENCARGOS SOCIAIS;PessoalEEncargosSociais;;;;;;;;;;;;;;;;;;
2024;RREO;4;PESSOAL E ENCARGOS SOCIAIS;PessoalEEncargosSociaisIntra;;;;;;;;;;;;;;;;;;
2024;RREO;4;RECEITA DE SERVIÇOS;ReceitaDeServicos;;;;;;;;;;;;;;;;;;
2024;RREO;4;RECEITA DE SERVIÇOS;ReceitaDeServicosIntra;;;;;;;;;;;;;;;;;;
2024;RREO;4;RECEITA PATRIMONIAL;ReceitaPatrimonial;;;;;;;;;;;;;;;;;;
2024;RREO;4;RECEITAS (EXCETO INTRA-ORÇAMENTÁRIAS) (I);ReceitasExcetoIntraOrcamentarias;;;;;;;;;;;;;;;;;;
2024;RREO;4;RECEITAS (INTRA-ORÇAMENTÁRIAS) (II);ReceitasIntraOrcamentarias;;;;;;;;;;;;;;;;;;
2024;RREO;4;RECEITAS (INTRA-ORÇAMENTÁRIAS) (II);ReceitasIntraOrcamentariasTotal;;;;;;;;;;;;;;;;;;
2024;RREO;4;RECEITAS CORRENTES;ReceitasCorrentes;;;;;;;;;;;;;;;;;;
2024;RREO;4;RECEITAS CORRENTES;ReceitasCorrentesIntra;;;;;;;;;;;;;;;;;;
2024;RREO;4;RECEITAS DE CAPITAL;ReceitasDeCapital;;;;;;;;;;;;;;;;;;
2024;RREO;4;RESERVA DE CONTINGÊNCIA;ReservaDeContingencia;;;;;;;;;;;;;;;;;;
2024;RREO;4;SALDOS DE EXERCÍCIOS ANTERIORES;SaldoDeExerciciosAnterioresUtilizadosParaCreditosAdicionais;;;;;;;;;;;;;;;;;;
2024;RREO;4;SUBTOTAL DAS DESPESAS (X) = (VIII + IX);SubtotalDasDespesas;;;;;;;;;;;;;;;;;;
2024;RREO;4;SUBTOTAL DAS RECEITAS (III) = (I + II);SubtotalDasReceitas;;;;;;;;;;;;;;;;;;
2024;RREO;4;SUPERÁVIT (XIII);Superavit;;;;;;;;;;;;;;;;;;
2024;RREO;4;Serviços Administrativos e Comerciais Gerais;ServicosAdministrativosEComerciaisGerais;;;;;;;;;;;;;;;;;;
2024;RREO;4;Serviços Administrativos e Comerciais Gerais;ServicosAdministrativosEComerciaisGeraisIntra;;;;;;;;;;;;;;;;;;
2024;RREO;4;Serviços e Atividades Referentes à Navegação e ao Transporte;ServicosEAtividadesReferentesANavegacaoEAoTransporte;;;;;;;;;;;;;;;;;;
2024;RREO;4;Superávit Financeiro Utilizado para Créditos Adicionais;SuperavitFinanceiro;;;;;;;;;;;;;;;;;;
2024;RREO;4;TOTAL COM DÉFICIT (VII) = (V + VI);TotalReceitasComDeficit;;;;;;;;;;;;;;;;;;
2024;RREO;4;TOTAL COM SUPERÁVIT (XIV) = (XII + XIII);TotalDespesasComSuperavit;;;;;;;;;;;;;;;;;;
2024;RREO;4;TOTAL DAS DESPESAS (XII) = (X + XI);TotalDespesas;;;;;;;;;;;;;;;;;;
2024;RREO;4;TOTAL DAS RECEITAS (V) = (III + IV);TotalReceitas;;;;;;;;;;;;;;;;;;
2024;RREO;4;TRANSFERÊNCIAS CORRENTES;TransferenciasCorrentes;;;;;;;;;;;;;;;;;;
2024;RREO;4;TRANSFERÊNCIAS DE CAPITAL;TransferenciasDeCapital;;;;;;;;;;;;;;;;;;
2024;RREO;4;Taxas;Taxas;;;;;;;;;;;;;;;;;;
2024;RREO;4;Transferências da União e de suas Entidades;TransferenciasCorrentesDaUniaoEDeSuasEntidades;;;;;;;;;;;;;;;;;;
2024;RREO;4;Transferências da União e de suas Entidades;TransferenciasDeCapitalDaUniaoEDeSuasEntidades;;;;;;;;;;;;;;;;;;
2024;RREO;4;Transferências de Instituições Privadas;TransferenciasCorrentesDeInstituicoesPrivadas;;;;;;;;;;;;;;;;;;
2024;RREO;4;Transferências de Outras Instituições Públicas;TransferenciasCorrentesDeOutrasInstituicoesPublicas;;;;;;;;;;;;;;;;;;
2024;RREO;4;Transferências dos Estados e do Distrito Federal e de suas Entidades;TransferenciasCorrentesDosEstadosEDoDistritoFederalEDeSuasEntidades;;;;;;;;;;;;;;;;;;
2024;RREO;4;Transferências dos Municípios e de suas Entidades;TransferenciasCorrentesDosMunicipiosEDeSuasEntidades;;;;;;;;;;;;;;;;;;
2024;RREO;4;Valores Mobiliários;ReceitasDeValoresMobiliarios;;;;;;;;;;;;;;;;;;
2024;RREO;5;ALIENAÇÃO DE BENS;AlienacaoDeBens;;;;;;;;;;;;;;;;;;
2024;RREO;5;AMORTIZAÇÃO DA DÍVIDA;AmortizacaoDaDivida;;;;;;;;;;;;;;;;;;
2024;RREO;5;AMORTIZAÇÃO DA DÍVIDA / REFINANCIAMENTO (XI);AmortizacaoRefinanciamentoDaDivida;;;;;;;;;;;;;;;;;;
2024;RREO;5;Alienação de Bens Imóveis;AlienacaoDeBensImoveis;;;;;;;;;;;;;;;;;;
2024;RREO;5;Alienação de Bens Móveis;AlienacaoDeBensMoveis;;;;;;;;;;;;;;;;;;
2024;RREO;5;Amortização da Dívida Interna;AmortizacaoRefinanciamentoDaDividaInterna;;;;;;;;;;;;;;;;;;
2024;RREO;5;Bens, Direitos e Valores Incorporados ao Patrimônio Público;BensDireitosEValoresIncorporadosAoPatrimonioPublico;;;;;;;;;;;;;;;;;;
2024;RREO;5;CONTRIBUIÇÕES;ReceitaDeContribuicoes;;;;;;;;;;;;;;;;;;
2024;RREO;5;CONTRIBUIÇÕES;ReceitaDeContribuicoesIntra;;;;;;;;;;;;;;;;;;
2024;RREO;5;Cessão de Direitos;ReceitaDaCessaoDeDireitos;;;;;;;;;;;;;;;;;;
2024;RREO;5;Contribuições Sociais;ContribuicoesSociais;;;;;;;;;;;;;;;;;;
2024;RREO;5;Contribuições Sociais;ContribuicoesSociaisIntra;;;;;;;;;;;;;;;;;;
2024;RREO;5;DESPESAS (EXCETO INTRA-ORÇAMENTÁRIAS) (VIII);DespesasExcetoIntraOrcamentarias;;;;;;;;;;;;;;;;;;
2024;RREO;5;DESPESAS (INTRA-ORÇAMENTÁRIAS) (IX);DespesasIntraOrcamentarias;;;;;;;;;;;;;;;;;;
2024;RREO;5;DESPESAS (INTRA-ORÇAMENTÁRIAS) (IX);DespesasIntraOrcamentariasTotal;;;;;;;;;;;;;;;;;;
2024;RREO;5;DESPESAS CORRENTES;DespesasCorrentes;;;;;;;;;;;;;;;;;;
2024;RREO;5;DESPESAS CORRENTES;DespesasCorrentesIntra;;;;;;;;;;;;;;;;;;
2024;RREO;5;DESPESAS DE CAPITAL;DespesasDeCapital;;;;;;;;;;;;;;;;;;
2024;RREO;5;Demais Despesas Correntes;DemaisDespesasCorrentes;;;;;;;;;;;;;;;;;;
2024;RREO;5;Demais Receitas Correntes;ReceitasCorrentesDiversas;;;;;;;;;;;;;;;;;;
2024;RREO;5;Demais Receitas Correntes;ReceitasCorrentesDiversasIntra;;;;;;;;;;;;;;;;;;
2024;RREO;5;Demais Receitas Patrimoniais;OutrasReceitasPatrimoniais;;;;;;;;;;;;;;;;;;
2024;RREO;5;Demais Receitas de Capital;RREO1OutrasReceitasDeCapital;;;;;;;;;;;;;;;;;;
2024;RREO;5;Demais Transferências Correntes;OutrasTransferenciasCorrentes;;;;;;;;;;;;;;;;;;
2024;RREO;5;Demais Transferências de Capital;DemaisTransferenciasDeCapital;;;;;;;;;;;;;;;;;;
2024;RREO;5;Dívida Contratual;AmortizacaoRefinanciamentoDaDividaInternaContratual;;;;;;;;;;;;;;;;;;
2024;RREO;5;Exploração de Recursos Naturais;ExploracaoDeRecursosNaturais;;;;;;;;;;;;;;;;;;
2024;RREO;5;Exploração do Patrimônio Imobiliário do Estado;ReceitasImobiliarias;;;;;;;;;;;;;;;;;;
2024;RREO;5;Exploração do Patrimônio Imobiliário do Estado;ReceitasImobiliariasIntra;;;;;;;;;;;;;;;;;;
2024;RREO;5;Exploração do Patrimônio Intangível;ExploracaoDoPatrimonioIntangivel;;;;;;;;;;;;;;;;;;
2024;RREO;5;IMPOSTOS, TAXAS E CONTRIBUIÇÕES DE MELHORIA;ReceitaTributaria;;;;;;;;;;;;;;;;;;
2024;RREO;5;INVERSÕES FINANCEIRAS;InversoesFinanceiras;;;;;;;;;;;;;;;;;;
2024;RREO;5;INVESTIMENTOS;Investimentos;;;;;;;;;;;;;;;;;;
2024;RREO;5;Impostos;Impostos;;;;;;;;;;;;;;;;;;
2024;RREO;5;Indenizações, Restituições e Ressarcimentos;IndenizacoesERestituicoes;;;;;;;;;;;;;;;;;;
2024;RREO;5;JUROS E ENCARGOS DA DÍVIDA;JurosEEncargosDaDivida;;;;;;;;;;;;;;;;;;
2024;RREO;5;Multas Administrativas, Contratuais e Judiciais;MultasEJurosDeMora;;;;;;;;;;;;;;;;;;
2024;RREO;5;OPERAÇÕES DE CRÉDITO;ReceitasDeOperacoesDeCredito;;;;;;;;;;;;;;;;;;
2024;RREO;5;OUTRAS DESPESAS CORRENTES;OutrasDespesasCorrentes;;;;;;;;;;;;;;;;;;
2024;RREO;5;OUTRAS DESPESAS CORRENTES;OutrasDespesasCorrentesIntra;;;;;;;;;;;;;;;;;;
2024;RREO;5;OUTRAS RECEITAS CORRENTES;OutrasReceitasCorrentes;;;;;;;;;;;;;;;;;;
2024;RREO;5;OUTRAS RECEITAS CORRENTES;OutrasReceitasCorrentesIntra;;;;;;;;;;;;;;;;;;
2024;RREO;5;OUTRAS RECEITAS DE CAPITAL;OutrasReceitasDeCapital;;;;;;;;;;;;;;;;;;
2024;RREO;5;Operações de Crédito - Mercado Interno;OperacoesDeCreditoInternas;;;;;;;;;;;;;;;;;;
2024;RREO;5;Outros Serviços;OutrosServicos;;;;;;;;;;;;;;;;;;
2024;RREO;5;Outros Serviços;OutrosServicosIntra;;;;;;;;;;;;;;;;;;
2024;RREO;5;PESSOAL E ENCARGOS SOCIAIS;PessoalEEncargosSociais;;;;;;;;;;;;;;;;;;
2024;RREO;5;PESSOAL E ENCARGOS SOCIAIS;PessoalEEncargosSociaisIntra;;;;;;;;;;;;;;;;;;
2024;RREO;5;RECEITA DE SERVIÇOS;ReceitaDeServicos;;;;;;;;;;;;;;;;;;
2024;RREO;5;RECEITA DE SERVIÇOS;ReceitaDeServicosIntra;;;;;;;;;;;;;;;;;;
2024;RREO;5;RECEITA PATRIMONIAL;ReceitaPatrimonial;;;;;;;;;;;;;;;;;;
2024;RREO;5;RECEITA PATRIMONIAL;ReceitaPatrimonialIntra;;;;;;;;;;;;;;;;;;
2024;RREO;5;RECEITAS (EXCETO INTRA-ORÇAMENTÁRIAS) (I);ReceitasExcetoIntraOrcamentarias;;;;;;;;;;;;;;;;;;
2024;RREO;5;RECEITAS (INTRA-ORÇAMENTÁRIAS) (II);ReceitasIntraOrcamentarias;;;;;;;;;;;;;;;;;;
2024;RREO;5;RECEITAS (INTRA-ORÇAMENTÁRIAS) (II);ReceitasIntraOrcamentariasTotal;;;;;;;;;;;;;;;;;;
2024;RREO;5;RECEITAS CORRENTES;ReceitasCorrentes;;;;;;;;;;;;;;;;;;
2024;RREO;5;RECEITAS CORRENTES;ReceitasCorrentesIntra;;;;;;;;;;;;;;;;;;
2024;RREO;5;RECEITAS DE CAPITAL;ReceitasDeCapital;;;;;;;;;;;;;;;;;;
2024;RREO;5;RESERVA DE CONTINGÊNCIA;ReservaDeContingencia;;;;;;;;;;;;;;;;;;
2024;RREO;5;SALDOS DE EXERCÍCIOS ANTERIORES;SaldoDeExerciciosAnterioresUtilizadosParaCreditosAdicionais;;;;;;;;;;;;;;;;;;
2024;RREO;5;SUBTOTAL DAS DESPESAS (X) = (VIII + IX);SubtotalDasDespesas;;;;;;;;;;;;;;;;;;
2024;RREO;5;SUBTOTAL DAS RECEITAS (III) = (I + II);SubtotalDasReceitas;;;;;;;;;;;;;;;;;;
2024;RREO;5;SUPERÁVIT (XIII);Superavit;;;;;;;;;;;;;;;;;;
2024;RREO;5;Serviços Administrativos e Comerciais Gerais;ServicosAdministrativosEComerciaisGerais;;;;;;;;;;;;;;;;;;
2024;RREO;5;Serviços Administrativos e Comerciais Gerais;ServicosAdministrativosEComerciaisGeraisIntra;;;;;;;;;;;;;;;;;;
2024;RREO;5;Serviços e Atividades Referentes à Navegação e ao Transporte;ServicosEAtividadesReferentesANavegacaoEAoTransporte;;;;;;;;;;;;;;;;;;
2024;RREO;5;Superávit Financeiro Utilizado para Créditos Adicionais;SuperavitFinanceiro;;;;;;;;;;;;;;;;;;
2024;RREO;5;TOTAL COM DÉFICIT (VII) = (V + VI);TotalReceitasComDeficit;;;;;;;;;;;;;;;;;;
2024;RREO;5;TOTAL COM SUPERÁVIT (XIV) = (XII + XIII);TotalDespesasComSuperavit;;;;;;;;;;;;;;;;;;
2024;RREO;5;TOTAL DAS DESPESAS (XII) = (X + XI);TotalDespesas;;;;;;;;;;;;;;;;;;
2024;RREO;5;TOTAL DAS RECEITAS (V) = (III + IV);TotalReceitas;;;;;;;;;;;;;;;;;;
2024;RREO;5;TRANSFERÊNCIAS CORRENTES;TransferenciasCorrentes;;;;;;;;;;;;;;;;;;
2024;RREO;5;TRANSFERÊNCIAS DE CAPITAL;TransferenciasDeCapital;;;;;;;;;;;;;;;;;;
2024;RREO;5;Taxas;Taxas;;;;;;;;;;;;;;;;;;
2024;RREO;5;Transferências da União e de suas Entidades;TransferenciasCorrentesDaUniaoEDeSuasEntidades;;;;;;;;;;;;;;;;;;
2024;RREO;5;Transferências da União e de suas Entidades;TransferenciasDeCapitalDaUniaoEDeSuasEntidades;;;;;;;;;;;;;;;;;;
2024;RREO;5;Transferências de Instituições Privadas;TransferenciasCorrentesDeInstituicoesPrivadas;;;;;;;;;;;;;;;;;;
2024;RREO;5;Transferências de Outras Instituições Públicas;TransferenciasCorrentesDeOutrasInstituicoesPublicas;;;;;;;;;;;;;;;;;;
2024;RREO;5;Transferências de Outras Instituições Públicas;TransferenciasDeCapitalDeOutrasInstituicoesPublicas;;;;;;;;;;;;;;;;;;
2024;RREO;5;Transferências dos Estados e do Distrito Federal e de suas Entidades;TransferenciasCorrentesDosEstadosEDoDistritoFederalEDeSuasEntidades;;;;;;;;;;;;;;;;;;
2024;RREO;5;Transferências dos Municípios e de suas Entidades;TransferenciasCorrentesDosMunicipiosEDeSuasEntidades;;;;;;;;;;;;;;;;;;
2024;RREO;5;Valores Mobiliários;ReceitasDeValoresMobiliarios;;;;;;;;;;;;;;;;;;
2024;RREO;6;ALIENAÇÃO DE BENS;AlienacaoDeBens;;;;1363075.63;;;;;;;;;57055.14;;;-1363075.63;;
2024;RREO;6;AMORTIZAÇÃO DA DÍVIDA;AmortizacaoDaDivida;;;;;31611346.93;6984984.51;31611346.93;6984984.51;31611346.93;31611346.93;31782620.0;;;;;;;
2024;RREO;6;AMORTIZAÇÃO DA DÍVIDA / REFINANCIAMENTO (XI);AmortizacaoRefinanciamentoDaDivida;;;;;80936601.0;12389628.87;80936601.0;12389628.87;80936601.0;82862750.57;;;;;;;1926149.57;1926149.57
2024;RREO;6;Alienação de Bens Imóveis;AlienacaoDeBensImoveis;;;;305075.63;;;;;;;;;57055.14;;;-305075.63;;
2024;RREO;6;Alienação de Bens Móveis;AlienacaoDeBensMoveis;;;;1058000.0;;;;;;;;;;;;-1058000.0;;
2024;RREO;6;Amortização da Dívida Interna;AmortizacaoRefinanciamentoDaDividaInterna;;;;;80936601.0;12389628.87;80936601.0;12389628.87;80936601.0;82862750.57;;;;;;;1926149.57;1926149.57
2024;RREO;6;Bens, Direitos e Valores Incorporados ao Patrimônio Público;BensDireitosEValoresIncorporadosAoPatrimonioPublico;;;100.0;11620498.1;;;;;;;;;;11620498.1;;;;
2024;RREO;6;CONTRIBUIÇÕES;ReceitaDeContribuicoes;;33.78;115.76;616324633.77;;;;;;;;;179845479.64;532436363.0;532436363.0;-83888270.77;;
2024;RREO;6;CONTRIBUIÇÕES;ReceitaDeContribuicoesIntra;;12.51;45.53;493616637.63;;;;;;;;;135672082.5;1084119901.0;1084119901.0;590503263.37;;
2024;RREO;6;Cessão de Direitos;ReceitaDaCessaoDeDireitos;;11.98;82.59;72506486.28;;;;;;;;;10514572.86;87793645.63;87175254.0;15287159.35;;
2024;RREO;6;Contribuições Sociais;ContribuicoesSociais;;33.78;115.76;616324633.77;;;;;;;;;179845479.64;532436363.0;532436363.0;-83888270.77;;
2024;RREO;6;Contribuições Sociais;ContribuicoesSociaisIntra;;12.51;45.53;493616637.63;;;;;;;;;135672082.5;1084119901.0;1084119901.0;590503263.37;;
2024;RREO;6;DESPESAS (EXCETO INTRA-ORÇAMENTÁRIAS) (VIII);DespesasExcetoIntraOrcamentarias;;;;;14446046567.01;2916049007.5;12824349413.72;3014365026.9;12685701148.84;16297283609.86;14789393902.0;1621697153.29;;;;;1851237042.85;3472934196.14
2024;RREO;6;DESPESAS (INTRA-ORÇAMENTÁRIAS) (IX);DespesasIntraOrcamentarias;;;;;1122543292.7;208371054.53;1118970778.01;224620179.53;1114397201.57;1169252190.4;1288042095.0;3572514.69;;;;;46708897.7;50281412.39
2024;RREO;6;DESPESAS (INTRA-ORÇAMENTÁRIAS) (IX);DespesasIntraOrcamentariasTotal;;;;;1122543292.7;208371054.53;1118970778.01;224620179.53;1114397201.57;1169252190.4;1288042095.0;3572514.69;;;;;46708897.7;50281412.39
2024;RREO;6;DESPESAS CORRENTES;DespesasCorrentes;;;;;13052479831.89;2385804550.48;12139170627.64;2796855323.25;12024831580.2;14455407632.82;13121513842.0;913309204.25;;;;;1402927800.93;2316237005.18
2024;RREO;6;DESPESAS CORRENTES;DespesasCorrentesIntra;;;;;1122543292.7;208371054.53;1118970778.01;224620179.53;1114397201.57;1169252190.4;1288042095.0;3572514.69;;;;;46708897.7;50281412.39
2024;RREO;6;DESPESAS DE CAPITAL;DespesasDeCapital;;;;;1393566735.12;530244457.02;685178786.08;217509703.65;660869568.64;1835399729.76;1597867267.0;708387949.04;;;;;441832994.64;1150220943.68
2024;RREO;6;Demais Despesas Correntes;DemaisDespesasCorrentes;;;;;4799852935.51;690139941.0;4006614415.41;973100779.12;3932297430.81;5437637787.76;4282703748.0;793238520.1;;;;;637784852.25;1431023372.35
2024;RREO;6;Demais Receitas Correntes;ReceitasCorrentesDiversas;;16.91;101.63;280868026.26;;;;;;;;;46743499.21;276369672.12;274289843.0;-4498354.14;;
2024;RREO;6;Demais Receitas Correntes;ReceitasCorrentesDiversasIntra;;;;561417771.8;;;;;;;;;90606633.42;;;-561417771.8;;
2024;RREO;6;Demais Receitas Patrimoniais;OutrasReceitasPatrimoniais;;23.93;95.45;197078.78;;;;;;;;;49404.33;206470.0;206470.0;9391.22;;
2024;RREO;6;Demais Receitas de Capital;RREO1OutrasReceitasDeCapital;;2.55;102.55;16407485.49;;;;;;;;;407485.49;16000000.0;;-407485.49;;
2024;RREO;6;Demais Transferências Correntes;OutrasTransferenciasCorrentes;;;;;;;;;;;;;;28672.0;28672.0;28672.0;;
2024;RREO;6;Demais Transferências de Capital;DemaisTransferenciasDeCapital;;;;93511.3;;;;;;;;;1379.97;;;-93511.3;;
2024;RREO;6;Dívida Contratual;AmortizacaoRefinanciamentoDaDividaInternaContratual;;;;;80936601.0;12389628.87;80936601.0;12389628.87;80936601.0;82862750.57;;;;;;;1926149.57;1926149.57
2024;RREO;6;Exploração de Recursos Naturais;ExploracaoDeRecursosNaturais;;470.39;470.39;3863137.49;;;;;;;;;3863137.49;821262.0;821262.0;-3041875.49;;
2024;RREO;6;Exploração do Patrimônio Imobiliário do Estado;ReceitasImobiliarias;;26.52;68.18;1892621.63;;;;;;;;;736174.72;2775719.0;2775719.0;883097.37;;
2024;RREO;6;Exploração do Patrimônio Imobiliário do Estado;ReceitasImobiliariasIntra;;;;20110.2;;;;;;;;;1675.85;;;-20110.2;;
2024;RREO;6;Exploração do Patrimônio Intangível;ExploracaoDoPatrimonioIntangivel;;;;85000.0;;;;;;;;;;;;-85000.0;;
2024;RREO;6;IMPOSTOS, TAXAS E CONTRIBUIÇÕES DE MELHORIA;ReceitaTributaria;;19.25;98.53;5968326632.95;;;;;;;;;1166053114.43;6057248255.0;6057248255.0;88921622.05;;
2024;RREO;6;INVERSÕES FINANCEIRAS;InversoesFinanceiras;;;;;;;;;;1000.0;101819493.0;;;;;;1000.0;1000.0
2024;RREO;6;INVESTIMENTOS;Investimentos;;;;;1361955388.19;523259472.51;653567439.15;210524719.14;629258221.71;1803787382.83;1464265154.0;708387949.04;;;;;441831994.64;1150219943.68
2024;RREO;6;Impostos;Impostos;;19.35;98.23;5731046468.12;;;;;;;;;1129170627.23;5834046091.0;5834046091.0;102999622.88;;
2024;RREO;6;Indenizações, Restituições e Ressarcimentos;IndenizacoesERestituicoes;;109.18;255.19;203772165.16;;;;;;;;;87180279.73;79851822.0;79851822.0;-123920343.16;;
2024;RREO;6;Indenizações, Restituições e Ressarcimentos;IndenizacoesERestituicoesIntra;;;;2429.16;;;;;;;;;2429.16;;;-2429.16;;
2024;RREO;6;JUROS E ENCARGOS DA DÍVIDA;JurosEEncargosDaDivida;;;;;133175510.6;22813387.03;133175510.6;22813387.03;133175510.6;134096730.28;110861938.0;;;;;;921219.68;921219.68
2024;RREO;6;Multas Administrativas, Contratuais e Judiciais;MultasEJurosDeMora;;16.2;100.52;82601207.02;;;;;;;;;13309399.73;82170470.0;82170470.0;-430737.02;;
2024;RREO;6;OPERAÇÕES DE CRÉDITO;ReceitasDeOperacoesDeCredito;;2.15;38.06;1903068.75;;;;;;;;;107574.97;5000000.0;5000000.0;3096931.25;;
2024;RREO;6;OUTRAS DESPESAS CORRENTES;OutrasDespesasCorrentes;;;;;4799852935.51;690139941.0;4006614415.41;973100779.12;3932297430.81;5437637787.76;4282703748.0;793238520.1;;;;;637784852.25;1431023372.35
2024;RREO;6;OUTRAS DESPESAS CORRENTES;OutrasDespesasCorrentesIntra;;;;;631255534.62;100565283.05;629461869.73;101840976.77;629432474.11;635178268.63;729348175.0;1793664.89;;;;;3922734.01;5716398.9
2024;RREO;6;OUTRAS RECEITAS CORRENTES;OutrasReceitasCorrentes;;32.72;128.63;578861896.54;;;;;;;;;147233178.67;450012462.22;436312135.0;-128849434.32;;
2024;RREO;6;OUTRAS RECEITAS CORRENTES;OutrasReceitasCorrentesIntra;;;;561420200.96;;;;;;;;;90609062.58;;;-561420200.96;;
2024;RREO;6;OUTRAS RECEITAS DE CAPITAL;OutrasReceitasDeCapital;;2.55;102.55;16407485.49;;;;;;;;;407485.49;16000000.0;;-407485.49;;
2024;RREO;6;Operações de Crédito - Mercado Interno;OperacoesDeCreditoInternas;;2.15;38.06;1903068.75;;;;;;;;;107574.97;5000000.0;5000000.0;3096931.25;;
2024;RREO;6;Outros Serviços;OutrosServicos;;37.38;270.87;1381889.34;;;;;;;;;190722.79;510160.0;510160.0;-871729.34;;
2024;RREO;6;Outros Serviços;OutrosServicosIntra;;16.68;98.85;68748713.06;;;;;;;;;11600611.76;69551474.0;69551474.0;802760.94;;
2024;RREO;6;PESSOAL E ENCARGOS SOCIAIS;PessoalEEncargosSociais;;;;;8119451385.78;1672851222.45;7999380701.63;1800941157.1;7959358638.79;8883673114.78;8727948156.0;120070684.15;;;;;764221729.0;884292413.15
2024;RREO;6;PESSOAL E ENCARGOS SOCIAIS;PessoalEEncargosSociaisIntra;;;;;491287758.08;107805771.48;489508908.28;122779202.76;484964727.46;534073921.77;558693920.0;1778849.8;;;;;42786163.69;44565013.49
2024;RREO;6;RECEITA DE SERVIÇOS;ReceitaDeServicos;;15.88;111.62;492186968.46;;;;;;;;;70005672.53;440951361.0;440951361.0;-51235607.46;;
2024;RREO;6;RECEITA DE SERVIÇOS;ReceitaDeServicosIntra;;16.73;99.11;68933926.3;;;;;;;;;11638898.18;69551474.0;69551474.0;617547.7;;
2024;RREO;6;RECEITA PATRIMONIAL;ReceitaPatrimonial;;12.37;77.96;650182775.4;;;;;;;;;103132966.05;834009593.28;801731199.0;183826817.88;;
2024;RREO;6;RECEITA PATRIMONIAL;ReceitaPatrimonialIntra;;;;20110.2;;;;;;;;;1675.85;;;-20110.2;;
2024;RREO;6;RECEITAS (EXCETO INTRA-ORÇAMENTÁRIAS) (I);ReceitasExcetoIntraOrcamentarias;;19.51;99.89;15071356907.3;;;;;;;;;2942924098.66;15087648770.64;14923764622.0;16291863.34;;
2024;RREO;6;RECEITAS (INTRA-ORÇAMENTÁRIAS) (II);ReceitasIntraOrcamentarias;;20.62;97.43;1123990875.09;;;;;;;;;237921719.11;1153671375.0;1153671375.0;29680499.91;;
2024;RREO;6;RECEITAS (INTRA-ORÇAMENTÁRIAS) (II);ReceitasIntraOrcamentariasTotal;;20.62;97.43;1123990875.09;;;;;;;;;237921719.11;1153671375.0;1153671375.0;29680499.91;;
2024;RREO;6;RECEITAS CORRENTES;ReceitasCorrentes;;19.49;99.99;14938065419.91;;;;;;;;;2911700871.21;14939409082.33;14806837977.0;1343662.42;;
2024;RREO;6;RECEITAS CORRENTES;ReceitasCorrentesIntra;;20.62;97.43;1123990875.09;;;;;;;;;237921719.11;1153671375.0;1153671375.0;29680499.91;;
2024;RREO;6;RECEITAS DE CAPITAL;ReceitasDeCapital;;21.06;89.92;133291487.39;;;;;;;;;31223227.45;148239688.31;116926645.0;14948200.92;;
2024;RREO;6;RESERVA DE CONTINGÊNCIA;ReservaDeContingencia;;;;;;;;;;6476247.28;70012793.0;;;;;;6476247.28;6476247.28
2024;RREO;6;SALDOS DE EXERCÍCIOS ANTERIORES;SaldoDeExerciciosAnterioresUtilizadosParaCreditosAdicionais;;;;1306078405.19;;;;;;;;;;1306078405.19;;;;
2024;RREO;6;SUBTOTAL DAS DESPESAS (X) = (VIII + IX);SubtotalDasDespesas;;;;;15568589859.71;3124420062.03;13943320191.73;3238985206.43;13800098350.41;17466535800.26;16077435997.0;1625269667.98;;;;;1897945940.55;3523215608.53
2024;RREO;6;SUBTOTAL DAS RECEITAS (III) = (I + II);SubtotalDasReceitas;;19.58;99.72;16195347782.39;;;;;;;;;3180845817.77;16241320145.64;16077435997.0;45972363.25;;
2024;RREO;6;SUPERÁVIT (XIII);Superavit;;;;;545821321.68;;2171090989.66;;2314312830.98;;;;;;;;;
2024;RREO;6;Serviços Administrativos e Comerciais Gerais;ServicosAdministrativosEComerciaisGerais;;15.86;111.5;490312309.02;;;;;;;;;69728372.42;439726195.0;439726195.0;-50586114.02;;
2024;RREO;6;Serviços Administrativos e Comerciais Gerais;ServicosAdministrativosEComerciaisGeraisIntra;;;;185213.24;;;;;;;;;38286.42;;;-185213.24;;
2024;RREO;6;Serviços e Atividades Referentes à Navegação e ao Transporte;ServicosEAtividadesReferentesANavegacaoEAoTransporte;;12.11;68.92;492770.1;;;;;;;;;86577.32;715006.0;715006.0;222235.9;;
2024;RREO;6;Superávit Financeiro Utilizado para Créditos Adicionais;SuperavitFinanceiro;;;;1306078405.19;;;;;;;;;;1306078405.19;;;;
2024;RREO;6;TOTAL COM DÉFICIT (VII) = (V + VI);TotalReceitasComDeficit;;19.58;99.72;16195347782.39;;;;;;;;;3180845817.77;16241320145.64;16077435997.0;;;
2024;RREO;6;TOTAL COM SUPERÁVIT (XIV) = (XII + XIII);TotalDespesasComSuperavit;;;;;16195347782.39;3136809690.9;16195347782.39;3251374835.3;16195347782.39;17549398550.83;16077435997.0;1625269667.98;;;;;;
2024;RREO;6;TOTAL DAS DESPESAS (XII) = (X + XI);TotalDespesas;;;;;15649526460.71;3136809690.9;14024256792.73;3251374835.3;13881034951.41;17549398550.83;16077435997.0;1625269667.98;;;;;1899872090.12;3525141758.1
2024;RREO;6;TOTAL DAS RECEITAS (V) = (III + IV);TotalReceitas;;19.58;99.72;16195347782.39;;;;;;;;;3180845817.77;16241320145.64;16077435997.0;45972363.25;;
2024;RREO;6;TRANSFERÊNCIAS CORRENTES;TransferenciasCorrentes;;18.8;100.11;6632182512.79;;;;;;;;;1245430459.89;6624751047.83;6538158664.0;-7431464.96;;
2024;RREO;6;TRANSFERÊNCIAS DE CAPITAL;TransferenciasDeCapital;;24.09;89.29;113617857.52;;;;;;;;;30651111.85;127239688.31;111926645.0;13621830.79;;
2024;RREO;6;Taxas;Taxas;;16.52;106.31;237280164.83;;;;;;;;;36882487.2;223202164.0;223202164.0;-14078000.83;;
2024;RREO;6;Transferências da União e de suas Entidades;TransferenciasCorrentesDaUniaoEDeSuasEntidades;;19.51;102.82;5002436758.66;;;;;;;;;949331768.56;4865389233.43;4784122117.0;-137047525.23;;
2024;RREO;6;Transferências da União e de suas Entidades;TransferenciasDeCapitalDaUniaoEDeSuasEntidades;;24.35;89.41;113524346.22;;;;;;;;;30918647.31;126970772.88;111926645.0;13446426.66;;
2024;RREO;6;Transferências de Instituições Privadas;TransferenciasCorrentesDeInstituicoesPrivadas;;3.8;28.87;1613759.53;;;;;;;;;212689.59;5590227.0;5200227.0;3976467.47;;
2024;RREO;6;Transferências de Outras Instituições Públicas;TransferenciasCorrentesDeOutrasInstituicoesPublicas;;17.02;93.83;1614959376.91;;;;;;;;;292888520.59;1721175026.0;1719930690.0;106215649.09;;
2024;RREO;6;Transferências de Outras Instituições Públicas;TransferenciasDeCapitalDeOutrasInstituicoesPublicas;;-100.0;;;;;;;;;;;-268915.43;268915.43;;268915.43;;
2024;RREO;6;Transferências dos Estados e do Distrito Federal e de suas Entidades;TransferenciasCorrentesDosEstadosEDoDistritoFederalEDeSuasEntidades;;;;;;;;;;;;;;20789158.0;20789158.0;20789158.0;;
2024;RREO;6;Transferências dos Municípios e de suas Entidades;TransferenciasCorrentesDosMunicipiosEDeSuasEntidades;;25.45;111.83;13172617.69;;;;;;;;;2997481.15;11778731.4;8087800.0;-1393886.29;;
2024;RREO;6;Valores Mobiliários;ReceitasDeValoresMobiliarios;;11.85;77.0;571638451.22;;;;;;;;;87969676.65;742412496.65;710752494.0;170774045.43;;
